hash,type,name
de9f013cc297b51e,target,accum_plot_ASV
ec3931f0934dd00b,target,accum_plot_OTU
0229400b6eb4933f,target,agaricus
c85d88fc56f4e042,target,agaricus_fasta
a37e3f17879eea84,target,agaricus_order
d9bc564920d5d5e7,target,agaricus_reads
2f39fd52a8c17aa2,target,all_reads
add53ced6ee9cfa2,target,allchimeras_32S
71e71ffe618260d5,target,allchimeras_5_8S
f1fd79e75d43c8e6,target,allchimeras_D1
add53ced6ee9cfa2,target,allchimeras_D2
050b1e1d9c143d98,target,allchimeras_D3
add53ced6ee9cfa2,target,allchimeras_ITS
3f660907022894f4,target,allchimeras_ITS1
06b1362b8b4b99ed,target,allchimeras_ITS2
add53ced6ee9cfa2,target,allchimeras_long
add53ced6ee9cfa2,target,allchimeras_LSU
5dc42db3297ca754,target,allchimeras_LSU1
29e198e9e6c71e40,target,allchimeras_LSU2
4105cd39a52f48f6,target,allchimeras_LSU3
5eb72cfbe97547b1,target,allchimeras_LSU4
ea14532cd834b5a0,target,allchimeras_short
6a50002dec11d705,target,allseqs
51bb0ff4803a4a8a,target,alpha_plot_ASV
c74cc4e0bedb581d,target,alpha_plot_OTU
78a64e2c1ec76c71,target,amplicon_plot
d5edca71bd4992d7,target,article_bbl
ad44c10cee44e59c,target,article_diff_pdf
c85d88fc56f4e042,target,article_diff_tex
009a038caf9960cd,target,article_pdf
c85d88fc56f4e042,target,article_tex
ed9bacec5ac96cf1,import,as_variogram
2ebf0c74b54f23de,import,as_variogramST
2594db5fbd70b80a,import,assemble_physeq
86ac75b25eeeb9f5,target,asv_table
8ac15e9c54b76e29,target,asvcounts
2e34df61e4a02b50,target,best_nonfungus
33f637f7ad186410,target,best_taxon_ITS_euk
420e13a971b17cd1,target,best_taxon_ITS_fungi
31976fc0720e9770,target,best_taxon_short_euk
fa7e44afa8d6fe5c,target,best_taxon_short_fungi
26c813a5378ba811,target,big_fasta_32S
5b11aabedad6b32f,target,big_fasta_5_8S
5c826d2076707216,target,big_fasta_D1
4aa2f8bf96282abd,target,big_fasta_D2
d44f2d81529e7608,target,big_fasta_D3
12acfa7daafac076,target,big_fasta_ITS
3545bcb17b44db98,target,big_fasta_ITS1
1b904a48a85e6d7c,target,big_fasta_ITS2
cac82e30fee39aac,target,big_fasta_long
40437909a77df19e,target,big_fasta_LSU
6533519867fbe77d,target,big_fasta_LSU1
fe2183821a9c4d38,target,big_fasta_LSU2
292a52669abd3f77,target,big_fasta_LSU3
cfa965092e3b2baa,target,big_fasta_LSU4
d262b382139b0adc,target,big_fasta_short
4a833e6ae4514363,target,big_seq_table_32S
888e61d3d2f1b028,target,big_seq_table_5_8S
aa13dc25396abe34,target,big_seq_table_D1
3b543ca5cc1f9c2c,target,big_seq_table_D2
a5fac0589823c833,target,big_seq_table_D3
ecd73fe5466ff289,target,big_seq_table_ITS
65483f33445d5cf6,target,big_seq_table_ITS1
f323f8dc758ef1ff,target,big_seq_table_ITS2
79807f053357f3bd,target,big_seq_table_long
2d54f67ed5af173a,target,big_seq_table_LSU
8101d112d3e71c2e,target,big_seq_table_LSU1
9036ac17f112d449,target,big_seq_table_LSU2
f1e07edeaf4b67f3,target,big_seq_table_LSU3
2d05fdaa9a492275,target,big_seq_table_LSU4
e94d0dce8a4e5261,target,big_seq_table_short
a92b7c4c845dbfb0,target,big_table
05279bd6e35b8672,target,bioinf_header
3c84037841489d14,target,bioinf_table
8cf03dc96181739f,target,buffer_adonis
d3ffff7cb48fd0e2,target,buffer_asv_bc_dist
b1df30eeefd6d833,target,buffer_asv_pcoa
3d3cc6a3afd8b389,target,buffer_asv_table
72c4937c8c833a2a,target,buffer_compare_long
1f41adf668555913,target,buffer_compare_physeq
02b624f0ddeedd76,target,buffer_compare_short
350cb2e9aa3c2cf7,target,buffer_compare_taxmap
c48dcf8fa164d2dd,target,chimeras_is_057_5_8S
327d07d13e426904,target,chimeras_is_057_ITS2
7830641c3f1dc2a6,target,chimeras_is_057_LSU1
de60caa46b49c736,target,chimeras_is_057_short
72cc0654e9b390c1,target,chimeras_pb_483_5_8S
55f4445a42121284,target,chimeras_pb_483_ITS2
33b5e3d08f438c38,target,chimeras_pb_483_LSU1
80538461870e8715,target,chimeras_pb_483_short
7fcee60c5c135c37,target,chimeras_pb_500_32S
bf9c870034d4d96b,target,chimeras_pb_500_5_8S
a408cd1a22190629,target,chimeras_pb_500_D1
7eb44b5bf5cd6e45,target,chimeras_pb_500_D2
8cac7ef1fa5a13d6,target,chimeras_pb_500_D3
736c71a0338e66c4,target,chimeras_pb_500_ITS
2aaba62286ee3ca8,target,chimeras_pb_500_ITS1
aa2f9a69463fd0e7,target,chimeras_pb_500_ITS2
1ef1cd84500550a9,target,chimeras_pb_500_long
810e06f732d20990,target,chimeras_pb_500_LSU
2bdbc11597267b5f,target,chimeras_pb_500_LSU1
d57776e936073a83,target,chimeras_pb_500_LSU2
0a13445257fc7a6d,target,chimeras_pb_500_LSU3
6dab18df56401ecf,target,chimeras_pb_500_LSU4
47e1e2162e22a2ad,target,chimeras_SH.2257_ITS2
cee265662a55cfdd,target,chimeras_SH.2257_short
336fbb0ebede51dd,import,choosevars
73f2356bea83384b,import,clade_taxon
2244c7efc486d120,target,comparisons
bbbc0c4ed8780c94,target,conc_plot
0a8f34dd4dd5243b,import,correlog
f284322e761b9d6b,target,correlog_ecm_bray_Illumina_Short_Consensus_0
0ef206273a040b9a,target,correlog_ecm_bray_Illumina_Short_Consensus_1
64dc852b5432c8b1,target,correlog_ecm_bray_Illumina_Short_PHYLOTAX.Cons_0
57b610c174b55eaf,target,correlog_ecm_bray_Illumina_Short_PHYLOTAX.Cons_1
4f503426657dd02b,target,correlog_ecm_bray_PacBio_Long_PHYLOTAX_0
aa899301284b4ed3,target,correlog_ecm_bray_PacBio_Long_PHYLOTAX_1
446308dabe698bd0,target,correlog_ecm_bray_PacBio_Short_Consensus_0
31dd99f5dbd2bb22,target,correlog_ecm_bray_PacBio_Short_Consensus_1
5cca1ce1e54b2c4e,target,correlog_ecm_bray_PacBio_Short_PHYLOTAX.Cons_0
33b1bef314cf73de,target,correlog_ecm_bray_PacBio_Short_PHYLOTAX.Cons_1
dc13076689937d6a,target,correlog_ecm_wunifrac_PacBio_Long_PHYLOTAX_0
a479f3aa8a59acc9,target,correlog_ecm_wunifrac_PacBio_Long_PHYLOTAX_1
9785805d36ceb622,target,correlog_fungi_bray_Illumina_Short_Consensus_0
bb137ea9aa10bb2b,target,correlog_fungi_bray_Illumina_Short_Consensus_1
008b25e81d0359da,target,correlog_fungi_bray_Illumina_Short_PHYLOTAX.Cons_0
a81db95809cc470b,target,correlog_fungi_bray_Illumina_Short_PHYLOTAX.Cons_1
94482ceeefa334d2,target,correlog_fungi_bray_PacBio_Long_PHYLOTAX_0
418fc06283caa1bf,target,correlog_fungi_bray_PacBio_Long_PHYLOTAX_1
334b9a0ed34d425d,target,correlog_fungi_bray_PacBio_Short_Consensus_0
7b0fa1702ff238c6,target,correlog_fungi_bray_PacBio_Short_Consensus_1
75b58cabba5eaf8c,target,correlog_fungi_bray_PacBio_Short_PHYLOTAX.Cons_0
a996984f2bba38cb,target,correlog_fungi_bray_PacBio_Short_PHYLOTAX.Cons_1
ae526996a80a17da,target,correlog_fungi_wunifrac_PacBio_Long_PHYLOTAX_0
0a2ca484cea9ed46,target,correlog_fungi_wunifrac_PacBio_Long_PHYLOTAX_1
21e40bbf6bf7dec7,import,datasets
8384d51981795cdd,target,demingfits_ASV
6732999793ef8953,target,demingfits_OTU
2a376995512c9f96,target,demuxcounts
62c5ac4145789a6d,target,demuxlength
2e08f8ad806d84ac,target,demuxqual
0514b90cbac49dcc,target,ecm_asv
0dbbca961ffc9d8a,target,ecm_Consensus
2d619a932fd200ea,target,ecm_counts
301d481164784b82,target,ecm_heattree
b86bcf3dc71580e5,target,ecm_PHYLOTAX
95fe6d7983217206,target,ecm_PHYLOTAX.Cons
c7a8e04e12fbbd1d,target,ecm_read
43e11529130255d6,target,ecm2_Consensus
7a9d09f69999868f,target,ecm2_PHYLOTAX
615c3ffee1773d8f,target,ecm2_PHYLOTAX.Cons
b9d115a799dd2f75,target,ecm3_Consensus
c9fb071df567fe49,target,ecm3_PHYLOTAX
62f374965da7e2cc,target,ecm3_PHYLOTAX.Cons
5a1db5eb99c5c050,target,eexp_plot
7ad886bd9ad62863,target,eexp_region_plot
cb65d261bc791049,target,erate_plot
56518e162e8b5bee,target,err_is_057_short
644a054ac11d0a00,target,err_pb_483_short
8ebcc2698ad727b5,target,err_pb_500_5_8S
97237a50c56958cc,target,file_meta_gits7its4
a1c436521852ceb0,target,file_meta_its1lr5
1b403389edba09e3,target,filtercounts_full
92733eafae330a65,target,filtercounts_ITS2
2b99081b877aa0f4,target,full_dens_long
ff819e363c5773fe,target,full_dens_short
42606bf8649a13f0,target,full_ecdf_long
4b00c2d44e71c6ba,target,full_ecdf_short
00feef8e37af3d01,target,fungi_asv
b95e3ea4b975f5cc,target,fungi_Consensus
14c3d68500f67d49,target,fungi_PHYLOTAX
bd079ec47483d27f,target,fungi_PHYLOTAX.Cons
74e59a01a11eddf7,target,fungi_read
92bf2f50789c71d3,target,fungi_tree_decipher_LSU
e2a39dcde3e1db95,target,fungi_tree_decipher_LSU_long
21d0492cca169922,target,fungi_tree_decipher_unconst_long
f6603486c1745d8f,target,fungi_tree_infernal_32S
5d95126b77b99a43,target,funguild_db
54d5f805849839b6,import,get_reads_accno
b95e3ea4b975f5cc,target,guilds_Consensus
14c3d68500f67d49,target,guilds_PHYLOTAX
bd079ec47483d27f,target,guilds_PHYLOTAX.Cons
d57b6569294c4139,target,heattree
f6b20af72b138ee2,target,heattree_length_compare
824c6feafc653a61,target,illumina_group_SH.2257
8638a4b4d7a47409,target,its2_dens
07bb5a675141ee25,target,its2_ecdf
30e3d967744e99a1,import,k_or_M
ed882c605e11239d,target,labeled_tree_decipher_LSU_euk
cae3a86c8681138c,target,labeled_tree_decipher_LSU_fungi
96610166c25c4a20,target,labeled_tree_decipher_LSU_long_euk
fa3ed9a6f89ead49,target,labeled_tree_decipher_LSU_long_fungi
ac24dc542251008e,target,labeled_tree_decipher_unconst_long_euk
1b3b826d81dc6410,target,labeled_tree_decipher_unconst_long_fungi
e8eee1b3139f5255,target,labeled_tree_infernal_32S_euk
c2ec686f5bf285b4,target,labeled_tree_infernal_32S_fungi
8271c9325d9ef093,target,latex_dir
99a58b93d95a52b8,import,latexdirs
87c94883a91587fe,import,latexfiles
3e9261ec167bf1db,target,length_diversity_plot
93683028fd74dc7d,target,length_kw
4fe0e69d65f76f04,target,length_model_data
758794fdca576498,target,length_table
e44e7d7bb2b7bf55,import,log_ASV_ratio
7780715b7bd8fd07,import,log_read_ratio
d5bfee68d41b15f4,import,lookup_ncbi_taxon
977333164bf878b5,import,make_taxon_labels
a0f9121af7a9f131,target,multi_table
17e76a85d8e544f7,import,Biostrings::DNAStringSet
39d6b0ed8c93983d,import,Biostrings::RNAStringSet
c7dac3f25cae297a,import,Biostrings::writeXStringSet
75c694347662f541,import,FUNGuildR::funguild_assign
b79f826bf23e1c3d,import,FUNGuildR::get_funguild_db
63937911396e4ca4,import,RColorBrewer::brewer.pal
94283d2e49342da8,import,ggnomics::facet_nested
726471d06d2e7407,import,ggrepel::geom_text_repel
c47aa95eed2d7f3d,import,ggtree::geom_hilight
8e5ffd226f4f7883,import,ggtree::geom_nodelab
2cbdd2a55311676a,import,ggtree::geom_tiplab
86bd8efd2c63b539,import,ggtree::geom_cladelabel
502ad88f2cb646dc,import,ggtree::ggtree
93ddef391200a0e5,import,glue::glue
a4032735cad6913b,import,glue::glue_data
6987bb2fd7e65e85,import,ape::getMRCA
f51a583eba2d346d,import,ape::drop.tip
b230eff930ae8349,import,ape::extract.clade
1d570cb274da074c,import,ape::keep.tip
c8f15fb4a30c8be6,import,ape::node.depth.edgelength
dd0eed4921855a17,import,ape::read.tree
6576164828551396,import,ape::root.phylo
64abcb25f0d00888,import,assertthat::assert_that
be8fbf144456eda9,import,assertthat::has_name
6a2ef0a7c1a37a02,import,assertr::verify
41b2ec89bfdc3ceb,import,broom::confint_tidy
3035c567af66c9a0,import,broom::glance
5d935ba4e3adad11,import,broom::tidy
58a6a9d862f6c9af,import,castor::write_tree
2e68d825c858840f,import,deming::deming
65fd467dabcf0969,import,dplyr::mutate
33cd3fb63b1f2690,import,dplyr::mutate_at
e28fc6d0dcb64b69,import,dplyr::n
e70f00593e84ddf9,import,dplyr::n_distinct
9dfa0e3aebe8a9e4,import,dplyr::anti_join
7e9435a9a48561bb,import,dplyr::arrange
2f8b5d3cd722f853,import,dplyr::bind_cols
b105e8acc8917d80,import,dplyr::bind_rows
14aa291172acde95,import,dplyr::coalesce
9874372ba8b06362,import,dplyr::cumall
2e6e8d9083aedff5,import,dplyr::case_when
ad27dc26f0ff4d3b,import,dplyr::do
45bb99dd7c555194,import,dplyr::filter
40d11fb24ed6a138,import,dplyr::group_map
7f14c2f01497c27a,import,dplyr::group_nest
d1687d1edcd94326,import,dplyr::group_by
98ce77bc35b094d2,import,dplyr::group_by_at
057f01acbd82fe3f,import,dplyr::inner_join
dbed607a93e8f6f6,import,dplyr::if_else
f31b53df597b6ded,import,dplyr::last
744b2eb65b9980e0,import,dplyr::lead
3ca11e3c1e0f9604,import,dplyr::left_join
4e8761c589127f9b,import,dplyr::row_number
b660243a2b7c9957,import,dplyr::rowwise
2a11f64963b9fab8,import,dplyr::recode
4fb84a2d95524366,import,dplyr::rename
2de0fb0fea49fe0a,import,dplyr::summarize
4a050d9b616a34b5,import,dplyr::summarize_all
68e9210eac1d0cc8,import,dplyr::summarize_at
2de0fb0fea49fe0a,import,dplyr::summarise
4a050d9b616a34b5,import,dplyr::summarise_all
36f9439f5abf9401,import,dplyr::select
74b36592abd6063c,import,dplyr::semi_join
bad124194ff2dde1,import,dplyr::transmute
228d59069eeaafde,import,dplyr::ungroup
00d0c38702e5f23b,import,futile.logger::flog.debug
443188d713f6831d,import,futile.logger::flog.info
553406a544f4066e,import,forcats::fct_relevel
a72bb2597467663a,import,forcats::fct_collapse
4d09017a40d2853e,import,forcats::fct_explicit_na
802fae9ccb171c11,import,iNEXT:::iNEXT.Ind
50a05dc80aa116d3,import,iNEXT::iNEXT
ca6c2e9e4e3157cf,import,magrittr::extract
61262e0b76e402c9,import,magrittr::set_colnames
d628fedb407b4134,import,magrittr::set_names
7340b487135c7730,import,metacoder::compare_groups
0545930e18d69a11,import,metacoder::calc_taxon_abund
c0d2bcc704bb0b36,import,metacoder::calc_obs_props
b2f7299eb3a1d82f,import,metacoder::diverging_palette
b5fd352bb74c6a93,import,metacoder::heat_tree
560fc8f6455556fb,import,metacoder::heat_tree_matrix
d6344a24dabb2aaa,import,metacoder::parse_phyloseq
62538390551c9fcf,import,withr::with_dir
bec9a72d94a5212c,import,purrr::map
3ca286b7b88c4975,import,purrr::map_chr
0c6ee7d9001ed891,import,purrr::map_dfr
722042b9e470a2e6,import,purrr::discard
7606df4b36584fdd,import,purrr::flatten
ff00dea704e66d51,import,purrr::reduce
36fc6c24547f8626,import,phangorn::Ancestors
26ad62327247cffe,import,phangorn::Children
a9b6c129fa77ec74,import,phangorn::Descendants
4fe5e48ccb069d12,import,phangorn::getRoot
d54597c2ee548db1,import,phyloseq::`tax_table<-`
5d687db1f840f410,import,phyloseq::`taxa_names<-`
5a3b2cd941ac526e,import,phyloseq::`phy_tree<-`
10e569e4c7b4bc02,import,phyloseq::`sample_data<-`
57ea8a199df4d9d7,import,phyloseq::build_tax_table
2ae4215fbcae88cf,import,phyloseq::distance
ac30667f64c60568,import,phyloseq::otu_table
2f56da33145dd373,import,phyloseq::merge_samples
41470635830fdbae,import,phyloseq::phyloseq
8cd70744db19c3b4,import,phyloseq::prune_taxa
9345431896c906a6,import,phyloseq::prune_samples
99c589a231afcd08,import,phyloseq::subset_samples
de5cba1781c45c13,import,phyloseq::sample_data
0efaf23eea749bc4,import,phyloseq::tax_glom
5561f4e8876fef82,import,phyloseq::tax_table
32bdb30afbf1d48d,import,phyloseq::taxa_names
3256306e84b8ddba,import,phyloseq::transform_sample_counts
3ea8d2dc9b9879ac,import,plyloseq::sample_data
a9a15ccf6a5ed98b,import,plyr::mapvalues
98a3e12ea8304c00,import,readr::read_csv
b73e8db25b9cb5a8,import,readxl::read_excel
0689994b2bc3d8e2,import,reldist::wtd.quantile
31bef5c783d9e35a,import,rlang::child_env
b072a5f2473e9a78,import,rlang::list2
89e2b37c77f35800,import,rlang::parse_quo
b21dab95cdba556d,import,rlang::quo
d1ab99cba1c328de,import,rmarkdown::render
91de09180da3b785,import,stats::nls
90c4f9096b7678d3,import,stats::weighted.mean
46e535c1dc7d974d,import,stringdist::stringdist
8ebae24c26dbd9cf,import,stringi::stri_replace_all_fixed
da4ae28121beb5c8,import,stringi::stri_replace_all_regex
4062501e229871eb,import,stringi::stri_replace_first_regex
9a4cf0ec8fbf1fa1,import,stringr::str_split_fixed
25b2f6f731436c32,import,stringr::str_replace
a6a734995cf70675,import,stringr::str_replace_all
9a24b3ec6249509f,import,stringr::str_to_title
23237506d65629e2,import,stringr::str_detect
f2eb3e7e1ace5b6f,import,scales::log_breaks
7dfb09155b18194d,import,scales::squish
053d4fc8c8705221,import,scales::trans_new
0f1f907f447d8497,import,tzara::seqhash
e8eb17099b4c47c4,import,taxize::classification
eab244bd68d89704,import,taxize::get_uid_
53cd7f712236ffbc,import,taxa::filter_taxa
4c6261386c4e1600,import,taxa::parse_tax_data
c06fc61029a1b6a9,import,tinytex::lualatex
479fb26b98f0e041,import,tinytex::tl_pkgs
ea341808e3a944af,import,tinytex::tlmgr_install
3a98987f4edb5eeb,import,tinytex::xelatex
3cd42630212a3f7f,import,tibble::tibble
10ceb10f62cb3f7a,import,tibble::column_to_rownames
85a1f3d9daeb6703,import,tibble::as_tibble
b9a403017f7f56ef,import,tibble::deframe
f335af96932a5c5f,import,tibble::enframe
2a3ddb45096cae5b,import,tidyr::nesting
2a3f4abb782c2447,import,tidyr::complete
6ef763e2d62f5022,import,tidyr::extract
c7b727906c8016e3,import,tidyr::gather
ee850e55549dc518,import,tidyr::pivot_longer
83a3219aa6c3f89f,import,tidyr::pivot_wider
d108e92c552cdefa,import,tidyr::replace_na
2dfa1bc02f5a5a7a,import,tidyr::spread
7545ccadda244a3f,import,tidyr::unite
be31abb49af5fbf4,import,tidyr::unnest
52eb4c30ad58e628,import,tidytree::full_join
e519c4734e7c59fc,import,tidyxl::xlsx_cells
fdb662b447ee1480,import,treeio::as.treedata
7bb4abbe5fe0b4cb,import,vegan::mantel.correlog
271d0f1af255660c,import,vegan::adonis2
839300e9fe9ca73a,import,vegan::capscale
dbd4ed11d9be00be,import,vegan::scores
c507ec49fea697f8,import,xml2::xml_attr
e1311cc208c31c83,import,xml2::xml_find_first
740ba4b94f7e3ce9,import,xml2::read_xml
0971be378cf75bba,target,neg_control_data
a16c654c85616d08,target,neg_control_physeq
4c509412e456f79f,target,neg_control_reads
e18b004ba52315d3,import,new_phylotax_env
56d039995cbaf073,target,nonpos_control_physeq
566dada9198b5e53,target,otu_map
38ad3c6b973b924f,target,otu_table
1f279b4a066b8213,import,file config/Brendan_soil2.xlsx
d6eb4277cd8828f4,import,file config/ENA_control_sample_template.tsv
609a3cf39b5424c6,import,file config/ENA_soil_sample_template.tsv
8a0eb3a7f1183d7f,import,file config/tags/long.rds
9ac1550bdbb3a4c3,import,file config/tags/short.rds
1a780a2d4ddc0b30,target,file data/clusters/D1.fasta.gz
19a547dff3e7f97c,target,file data/clusters/D2.fasta.gz
811b0435dfac4a5e,target,file data/clusters/D3.fasta.gz
42941ec973303c69,target,file data/clusters/ITS.fasta.gz
79fefafc304062e0,target,file data/clusters/ITS1.fasta.gz
b912ea4fd735fb6c,target,file data/clusters/ITS2.fasta.gz
d0627ecdafa2f059,import,file data/clusters/ITS2.table
15320eae0cfa25e7,import,file data/clusters/ITS2.uc
26007f1ffc2dba41,target,file data/clusters/LSU.fasta.gz
6655b151d62ffe1f,target,file data/clusters/LSU1.fasta.gz
5a63f4651b48682f,target,file data/clusters/LSU2.fasta.gz
33547b6c2484fd57,target,file data/clusters/LSU3.fasta.gz
e2c3b36640f57480,target,file data/clusters/LSU4.fasta.gz
4f7feca398785700,target,file data/clusters/long.fasta.gz
458d9219ee5b3004,target,file data/clusters/short.fasta.gz
c3749007e0cc5043,import,file data/clusters/short.table
72c3b620b086fbcf,target,file data/clusters/32S.fasta.gz
d64257ce3986eb36,target,file data/clusters/5_8S.fasta.gz
eba7561fb8c8ea50,target,file data/trees/decipher_LSU_euk.tree
6f1a43e06aa72cc8,target,file data/trees/decipher_LSU_euk_phylo.tree
ede92530356fa1d6,target,file data/trees/decipher_LSU_fungi.tree
eb42384819b4d253,target,file data/trees/decipher_LSU_fungi_phylo.tree
eb3a71de8632afcc,target,file data/trees/decipher_LSU_long_euk.tree
b29137bae9d67c66,target,file data/trees/decipher_LSU_long_euk_phylo.tree
81ab40d6caf562a8,target,file data/trees/decipher_LSU_long_fungi.tree
d1438cd5ea2d5312,target,file data/trees/decipher_LSU_long_fungi_phylo.tree
4d2437e3949e5f53,target,file data/trees/decipher_unconst_long_euk.tree
3a35601b6b822c97,target,file data/trees/decipher_unconst_long_euk_phylo.tree
5de6e5d436b2f6c9,target,file data/trees/decipher_unconst_long_fungi.tree
2050cd47c1784e5d,target,file data/trees/decipher_unconst_long_fungi_phylo.tree
c7e83c0f9564260a,target,file data/trees/infernal_32S_euk.tree
c15b9c39fd3a7426,target,file data/trees/infernal_32S_euk_phylo.tree
1425e4b9ba812030,target,file data/trees/infernal_32S_fungi.tree
26ab468b9e0812cf,target,file data/trees/infernal_32S_fungi_phylo.tree
3ea8d2dc9b9879ac,import,file output/ENA/reads
6ca1b096c58f02ea,target,file output/latex.tar.gz
0b5ac1a5686af843,target,file output/supp_file_1.tsv
2955b4e6ffdcfb96,target,file output/supp_file_2.tsv
5bc01f491b388d2e,target,file output/supp_file_3.pdf
30524c587c989824,target,file output/tree.pdf
a7885029600779a5,target,file writing/latex.tar.gz
1f2355afdb5d784a,import,file writing/preamble.tex
841b66cf03374de4,import,file writing/preamble_supplement.tex
843f584e6b5fe90e,import,file writing/rDNA_amplicons.csv
4cea8b9e9f8ad6c9,target,file writing/transect_paper.pdf
db011ced46b64b10,import,file writing/transect_paper.tex
eff12fa6f43dfae6,import,file writing/transect_paper.Rmd
20210bf506e22f80,target,file writing/transect_paper.aux
9d1413f20b5a296a,target,file writing/transect_paper.bbl
a51a8c9c15dbfeeb,import,file writing/transect_paper_original.tex
e3bf6d579a17bfdf,target,file writing/transect_paper_diff.pdf
0b48c89992b2cc16,import,file writing/transect_paper_diff.tex
c269557da8010163,import,file writing/transect_paper_files/figure-latex
4480dcaa7bb7303b,import,file writing/transect_paper_files/figure-latex/ITS2-length-1.pdf
6cb7fe00cb166a3a,import,file writing/transect_paper_files/figure-latex/buffer-compare-long-1.pdf
b9ea26178baf615c,import,file writing/transect_paper_files/figure-latex/buffer-compare-short-1.pdf
abbd9d1153096ccc,import,file writing/transect_paper_files/figure-latex/buffer-pcoa-1.pdf
e6f4fd1699acd0e4,import,file writing/transect_paper_files/figure-latex/correlog-1.pdf
ef83bf7c6453bf73,import,file writing/transect_paper_files/figure-latex/ecm-1.pdf
9cae122de175fc22,import,file writing/transect_paper_files/figure-latex/ecm-heattree-1.pdf
fc8b1306685fec7e,import,file writing/transect_paper_files/figure-latex/full-length-1.pdf
5cf4d907ca876286,import,file writing/transect_paper_files/figure-latex/fungi-comm-1.pdf
f399668331ca5f86,import,file writing/transect_paper_files/figure-latex/heattree-db-compare-1.pdf
b50596c651ffa799,import,file writing/transect_paper_files/figure-latex/heattree-length-compare-1.pdf
934c153ef24fdd1f,import,file writing/transect_paper_files/figure-latex/phylotax-1.pdf
2226d33cdff547cb,import,file writing/transect_paper_files/figure-latex/plate-loading-1.pdf
d652fd3242c87865,import,file writing/transect_paper_files/figure-latex/ppcoa-1.pdf
78fcf07c01b15891,import,file writing/transect_paper_files/figure-latex/pb-vs-it-1.pdf
d9d30a6aedf735c9,import,file writing/transect_paper_files/figure-latex/rDNA-1.pdf
8cd9b7812d7f6a8e,import,file writing/transect_paper_files/figure-latex/read-compare-1.pdf
690e16bbb697c9fc,import,file writing/transect_paper_files/figure-latex/regions-1.pdf
a2d8b3f769a9f8af,import,file writing/transect_paper_files/figure-latex/region-lengths-1.pdf
a56738023b19e3c3,import,file writing/transect_paper_files/figure-latex/short-its-1.pdf
d128cd6ec11e34b6,import,file writing/transect_paper_files/figure-latex/spatio-1.pdf
0a5cf881cfb72989,import,file writing/transect_paper_files/figure-latex/sample-depth-1.pdf
11c7be6330d5dea9,import,file writing/transect_paper_files/figure-latex/tax-chart-1.pdf
a6ab4a3faba49443,import,file writing/transect_paper_files/figure-latex/taxa-1.pdf
5a237d4201d3601f,import,file writing/transect_paper_files/figure-latex/unnamed-chunk-1-1.pdf
cc46251a4065cffe,import,file writing/transect_paper_files/figure-latex/venn-1.pdf
91445f35fbfa58da,import,file writing/transect_paper_files/figure-latex/venn-2.pdf
5444120e29866f55,import,file writing/transect_paper_files/figure-latex/venn2-1.pdf
d51cace53b312df8,import,file writing/transect_paper_files/figure-latex/venn2-2.pdf
149a35aa54f16fcd,import,file writing/transect_paper_files/figure-latex/venn3-1.pdf
94639cdddc4612c6,target,file writing/transect_supplement.pdf
a49da062e0dd0cf3,import,file writing/transect_supplement.tex
a7ae0f4a1203d81f,import,file writing/transect_supplement.Rmd
7953d2f74db6f30c,target,file writing/transect_supplement.aux
53c09b96a4f616f2,import,file writing/transect_supplement_original.tex
49ca9ddba77885c8,import,file writing/transect_supplement_diff.tex
233341b1ea1001f4,import,file writing/transect_supplement_files/figure-latex
9d3f6b22ad71d053,import,file writing/transect_supplement_files/figure-latex/ITS2-length-1.pdf
af461a42066bf6de,import,file writing/transect_supplement_files/figure-latex/buffer-compare-long-1.pdf
776ff59727463af1,import,file writing/transect_supplement_files/figure-latex/buffer-compare-short-1.pdf
69fb9479b774cc3e,import,file writing/transect_supplement_files/figure-latex/buffer-pcoa-1.pdf
4ae7d8dffc126213,import,file writing/transect_supplement_files/figure-latex/correlog-1.pdf
ffebd2a63816d870,import,file writing/transect_supplement_files/figure-latex/ecm-1.pdf
6c04affbd5935fc2,import,file writing/transect_supplement_files/figure-latex/ecm-heattree-1.pdf
7b30405b981e8025,import,file writing/transect_supplement_files/figure-latex/full-length-1.pdf
b39d594211edcb00,import,file writing/transect_supplement_files/figure-latex/heattree-length-compare-1.pdf
eeb8bda54bc41d06,import,file writing/transect_supplement_files/figure-latex/phylotax-1.pdf
e4d1c4a4834c8e0e,import,file writing/transect_supplement_files/figure-latex/ppcoa-1.pdf
ec6b56db043aec42,import,file writing/transect_supplement_files/figure-latex/rDNA-1.pdf
5604e254605cd57a,import,file writing/transect_supplement_files/figure-latex/regions-1.pdf
46bbeeaeb9dc75ad,import,file writing/transect_supplement_files/figure-latex/region-lengths-1.pdf
a71f9628098dc873,import,file writing/transect_supplement_files/figure-latex/short-its-1.pdf
20bfef29864f0722,import,file writing/transect_supplement_files/figure-latex/sample-depth-1.pdf
eab3b8e3698c315d,import,file writing/transect_supplement_files/figure-latex/taxa-1.pdf
b8ade40eedf40791,import,file writing/all.bib
c352f36da4ed531a,import,file scripts/output_functions.R
c63b051b26c594e9,target,file temp/agaricus.fasta
ee8542830304eee4,target,file temp/compare_long.pdf
98230ea7e5b29888,target,file temp/compare_short.pdf
b6d7cad9547a9f21,target,file temp/ecm_heattree.pdf
9613badbd8418024,target,file temp/heattree.pdf
6f1e111f5989335b,target,file temp/heattree_amplicons.pdf
adc9a334ef8cf997,import,parse_qstat
1c868332616f256f,target,parsed_qstat
63b7132a451e0b9b,target,parsed_qstat_raw
fd5bb3b0df5c43ef,target,pc_all_reads
8f7ce1657f930132,target,pc_pc_reads
497e3c75620a0aa4,target,pc_pos_control_data
e191963f37e503d7,target,phylo_labeled_tree_decipher_LSU_euk
a5128046cad17364,target,phylo_labeled_tree_decipher_LSU_fungi
cfceb010afc44964,target,phylo_labeled_tree_decipher_LSU_long_euk
a37b67bfc80072ea,target,phylo_labeled_tree_decipher_LSU_long_fungi
f064fdddd83297e1,target,phylo_labeled_tree_decipher_unconst_long_euk
0e1c4bf856574575,target,phylo_labeled_tree_decipher_unconst_long_fungi
5acb46202f20e4b7,target,phylo_labeled_tree_infernal_32S_euk
04e836c2f0e2dee7,target,phylo_labeled_tree_infernal_32S_fungi
0fd007303a68b927,import,phylotax
340ae3a3d5c1663b,import,phylotax_
656c212b0d83aa4a,target,phylotax_fig
650dbf570f44a4c8,target,phylotaxon_decipher_LSU_euk
78e29b41ba036ae5,target,phylotaxon_decipher_LSU_fungi
0060e835fcd35a23,target,phylotaxon_decipher_LSU_long_euk
d0a81a03bdf8a6fc,target,phylotaxon_decipher_LSU_long_fungi
b1dd88318aecc843,target,phylotaxon_decipher_unconst_long_euk
871a97131bb31355,target,phylotaxon_decipher_unconst_long_fungi
1458d7e150066539,target,phylotaxon_infernal_32S_euk
ab592589ce33a86c,target,phylotaxon_infernal_32S_fungi
4f131939158c0fbe,target,phylotaxon_labels_decipher_LSU_euk
5a386e68f2f42043,target,phylotaxon_labels_decipher_LSU_fungi
365e99271911b0ec,target,phylotaxon_labels_decipher_LSU_long_euk
d6430591b94b1cdf,target,phylotaxon_labels_decipher_LSU_long_fungi
d5254476fe43f967,target,phylotaxon_labels_decipher_unconst_long_euk
8659a62138429637,target,phylotaxon_labels_decipher_unconst_long_fungi
f3a5345eb20c41a4,target,phylotaxon_labels_infernal_32S_euk
0f9aff5d31cfe8b1,target,phylotaxon_labels_infernal_32S_fungi
a6cb7dca68926bfc,target,physeq_ecm_Illumina_Short_Consensus
1079bbde782c9ca5,target,physeq_ecm_Illumina_Short_PHYLOTAX.Cons
983487110fd1a19c,target,physeq_ecm_PacBio_Long_PHYLOTAX
7522f22888d597b8,target,physeq_ecm_PacBio_Short_Consensus
c4f493843e087ba4,target,physeq_ecm_PacBio_Short_PHYLOTAX.Cons
8d1eab428657e945,target,physeq_fungi_Illumina_Short_Consensus
8d1eab428657e945,target,physeq_fungi_Illumina_Short_PHYLOTAX.Cons
d9bd4fc6362d2adf,target,physeq_fungi_PacBio_Long_PHYLOTAX
dcab0c8ae4da930a,target,physeq_fungi_PacBio_Short_Consensus
dcab0c8ae4da930a,target,physeq_fungi_PacBio_Short_PHYLOTAX.Cons
cc134cf8b59f7933,target,platemap
22bd7666dfcb7075,target,pos_control
70ea647ceeff755f,target,pos_control_data
aa680d3cb2b7fecb,target,pos_control_physeq
194aace4cfc4b5a3,target,pos_control_reads
c2746047d98cf090,target,pre_iNEXT_ASV
b693ac6cbbb644bf,target,pre_iNEXT_OTU
399a8f7380741a8b,target,preguild_taxa_ITS_euk_Consensus
e9cbda94284ce2a1,target,preguild_taxa_ITS_euk_PHYLOTAX.Cons
feab0c6ae4636d8c,target,preguild_taxa_ITS_fungi_Consensus
48b9ec785b8d23e5,target,preguild_taxa_ITS_fungi_PHYLOTAX.Cons
a05bb49864147eb7,target,preguild_taxa_long_euk_PHYLOTAX
576c537e9e0fe01a,target,preguild_taxa_long_fungi_PHYLOTAX
d758bc5572114e38,target,preguild_taxa_short_euk_Consensus
da5af353091525e2,target,preguild_taxa_short_euk_PHYLOTAX.Cons
87ba525688154f2c,target,preguild_taxa_short_fungi_Consensus
9cf84082b97e564f,target,preguild_taxa_short_fungi_PHYLOTAX.Cons
3746c5c91ddf4afb,target,proto_physeq
4514abe239819920,target,qstats
0bddbb80f3eed01d,target,qstats_eexp
8036521a9e888e10,target,qstats_erate
ac700f1726c4d645,target,qstats_length
2d88c7b126857fdf,target,qstats_minq
fd7bd6bf601a4b4e,target,qstats_n
a402a8b8961a70b3,target,qstats_pnoerr
b7792dab396c264f,import,rank_factor
0493ff8029dbdb80,target,rarefy_data_ASV
7ba2a13902cd48f7,target,rarefy_data_OTU
37e71fa6860b9043,target,rawcounts
68755b85826cf031,target,raxml_decipher_long
322df99066393a6d,target,raxml_decipher_LSU
1257331bc00560ef,target,raxml_decipher_unconst_long
552fe90c20c7eff2,import,raxml_epa_full
4cabb5acbb8b4943,target,raxml_infernal_32S
ac6c7bfc687ab29e,target,read_accnos
c093d5c07ced85c8,import,read_platemap
98634b1317600e16,target,readcounts
f5c3879fb2a4ed8d,target,reads_plot
3471a4e9a1171ea8,target,reads_table
ebda34b5e09ce766,target,region_length_fig
0af8911b14974d67,target,region_table
9a23484f891e58a2,target,regioncounts
de213bfd428acece,import,regions
e84b75a14c5e738b,import,relabel_seqtable
baf1b47796ca157f,import,relabel_tree
342b57a2d1872749,import,reverselog_trans
f3ca7e23aaaff8a8,target,rooted_tree_decipher_LSU
45ea1acbb85b90ba,target,rooted_tree_decipher_LSU_long
b3c07306891d29f6,target,rooted_tree_decipher_unconst_long
e659d3b0330184b8,target,rooted_tree_infernal_32S
d6e4e7a1952a1de0,target,sample_iNEXT_ASV
78d018a7e1a4e8f4,target,sample_iNEXT_ASV_02972e83
45be74d6c520c755,target,sample_iNEXT_ASV_02caeb6c
933997abbfe53bc9,target,sample_iNEXT_ASV_03bd0339
4b659e6d1fb02da0,target,sample_iNEXT_ASV_04fe43c2
b474dbabde9c0b6d,target,sample_iNEXT_ASV_0568c92f
fa6febfd0c5f191a,target,sample_iNEXT_ASV_0589b93d
10a6658c3b91e79d,target,sample_iNEXT_ASV_0b193b7d
e7f1d011fd0436d0,target,sample_iNEXT_ASV_0bc11ced
53c1901d33d0fced,target,sample_iNEXT_ASV_0c4cd14a
3be037256d02f64c,target,sample_iNEXT_ASV_0ed7c9dd
9bbeb0c1f27f7d9d,target,sample_iNEXT_ASV_0fb2aa6c
fb65ba4d9a6c375c,target,sample_iNEXT_ASV_10a9c00e
a5731839ea5aedcf,target,sample_iNEXT_ASV_117ca4c0
9f3f5b12b2457831,target,sample_iNEXT_ASV_119f4382
4e249111bbeaf6cf,target,sample_iNEXT_ASV_119f5580
d1057b8bb630dd1e,target,sample_iNEXT_ASV_12107c1f
46b135430809ce8b,target,sample_iNEXT_ASV_12737fb3
343051236e45d489,target,sample_iNEXT_ASV_12bd70e4
be2094badbf884a1,target,sample_iNEXT_ASV_12c68216
244d028bb475d15e,target,sample_iNEXT_ASV_13335d6c
ec4f06e242bbe5f7,target,sample_iNEXT_ASV_146591c3
6ca6e6df806a5de9,target,sample_iNEXT_ASV_164e2a60
9fb511290ece8f9a,target,sample_iNEXT_ASV_1698b1fd
186ce3acc599ae4d,target,sample_iNEXT_ASV_16d6938a
890b9c97b31a9caf,target,sample_iNEXT_ASV_17680b49
29be8545435c4790,target,sample_iNEXT_ASV_19bac422
6e5e98d5c55c557f,target,sample_iNEXT_ASV_19d287dc
d22a443aa0eca280,target,sample_iNEXT_ASV_1ae2a380
8474151d49450bf8,target,sample_iNEXT_ASV_1c13ca42
9ba91ccf85e9bb09,target,sample_iNEXT_ASV_1c28658c
a13d54ae6acb9438,target,sample_iNEXT_ASV_1ddd9b4d
4ef12bf79a035bb1,target,sample_iNEXT_ASV_1e042740
015d75e1643844f2,target,sample_iNEXT_ASV_1e2d0c3c
f60c0f4e6d5796af,target,sample_iNEXT_ASV_1e3805b5
c43e5a9479d09f88,target,sample_iNEXT_ASV_1ef0949d
01c9a9d88f73c90a,target,sample_iNEXT_ASV_203d5525
f72458d9c06d4f41,target,sample_iNEXT_ASV_21580c8d
bd2da500320b0a77,target,sample_iNEXT_ASV_21654b5e
994390aebf92e5f3,target,sample_iNEXT_ASV_223edaf2
ef33efeaa30cbf73,target,sample_iNEXT_ASV_22c74680
13123faccd65a33a,target,sample_iNEXT_ASV_2319ee46
467d9e7ffe200096,target,sample_iNEXT_ASV_2366e311
6009a8e6fbac5529,target,sample_iNEXT_ASV_25c1b658
5edfad6ad038fd79,target,sample_iNEXT_ASV_25df457f
daf46a187148fb5f,target,sample_iNEXT_ASV_266bbe95
835ce010ec398745,target,sample_iNEXT_ASV_27d5fa5b
cdf706b909672092,target,sample_iNEXT_ASV_27fee2bc
fe01ce21e7849933,target,sample_iNEXT_ASV_280b482e
1ee38b89793da8fc,target,sample_iNEXT_ASV_285272d0
df53444d1abe830f,target,sample_iNEXT_ASV_2a26b0d9
b63ac47553028b4b,target,sample_iNEXT_ASV_2a574d07
7a5027bc78d69af2,target,sample_iNEXT_ASV_2d125ae8
7a716b77c2431635,target,sample_iNEXT_ASV_2ddbbc21
98ac19a8e8c69bb6,target,sample_iNEXT_ASV_2e41e350
1933f22c7bfce059,target,sample_iNEXT_ASV_2e473241
ea21b90c8aea4b38,target,sample_iNEXT_ASV_314b631d
65cd34aad222298f,target,sample_iNEXT_ASV_3393057a
56757e62aac8e012,target,sample_iNEXT_ASV_34408fb5
20d58f70be8a4511,target,sample_iNEXT_ASV_3465b6ba
970525a509c696c5,target,sample_iNEXT_ASV_36bce047
52d838e3d702ccb3,target,sample_iNEXT_ASV_377cf8f1
1028251f29000ac2,target,sample_iNEXT_ASV_38a2351f
d804eb1f561662de,target,sample_iNEXT_ASV_39dba054
5bbb310fe85899b9,target,sample_iNEXT_ASV_3aa27340
48ba077a1c485963,target,sample_iNEXT_ASV_3b694ac3
4ea76fbee456362c,target,sample_iNEXT_ASV_3c0d1275
c84396478037b35b,target,sample_iNEXT_ASV_3dbd0d0c
596157a690938915,target,sample_iNEXT_ASV_3dc7456a
b6d93c48250d508f,target,sample_iNEXT_ASV_3ee7a9bb
77fd0d65b271bb6b,target,sample_iNEXT_ASV_3f7be59b
2fd593236253b165,target,sample_iNEXT_ASV_3fa914d9
47fddb21962d1b94,target,sample_iNEXT_ASV_3fc0b155
313e1ea33acde6de,target,sample_iNEXT_ASV_3fc60a0f
2dc5a839987b85b8,target,sample_iNEXT_ASV_40ee5491
b6e6a367f094e31f,target,sample_iNEXT_ASV_41dc1183
8e4dca8b907703a8,target,sample_iNEXT_ASV_4210ec0c
f40c54d397a1ba19,target,sample_iNEXT_ASV_421b449f
a2784ffa8043f1cc,target,sample_iNEXT_ASV_42368913
d0fe577e928d2fb7,target,sample_iNEXT_ASV_42a23a86
ef3a3e8b5d3262e6,target,sample_iNEXT_ASV_42b7d692
c267d432146ef7d2,target,sample_iNEXT_ASV_42bd131d
4b913fd8a6d52176,target,sample_iNEXT_ASV_44f1321c
ef1b19bcd5cf2a3b,target,sample_iNEXT_ASV_45168a13
1739f0131baade26,target,sample_iNEXT_ASV_462ebc96
be44342ddc291828,target,sample_iNEXT_ASV_46ee3ed4
fbfa0e337588dcab,target,sample_iNEXT_ASV_4895b8ef
93fd9bce5cdd80f9,target,sample_iNEXT_ASV_48c2b483
8261f879885d3691,target,sample_iNEXT_ASV_490b5f00
4d2ab60f278859cf,target,sample_iNEXT_ASV_49477b19
96027a3a9caffb9d,target,sample_iNEXT_ASV_4a522892
bf48c057599ecd86,target,sample_iNEXT_ASV_4a60ae86
7353f4fb21c8ff8d,target,sample_iNEXT_ASV_4c89ad62
177aa8623e8095f5,target,sample_iNEXT_ASV_4d0b521b
03def45586393878,target,sample_iNEXT_ASV_4d51a06c
1a704490f424b7bb,target,sample_iNEXT_ASV_4df8b48b
46c538ef2f8acaa1,target,sample_iNEXT_ASV_4e4b3842
4ceb68ee037e32fc,target,sample_iNEXT_ASV_520d8660
d02b4a69253397df,target,sample_iNEXT_ASV_522e0983
3c98859ae1615c00,target,sample_iNEXT_ASV_52935b91
d001bb699ac681b5,target,sample_iNEXT_ASV_52f6117c
d8e3cefce80272e8,target,sample_iNEXT_ASV_54162191
a6062308c292851a,target,sample_iNEXT_ASV_54ae9911
fa6cb04b38378708,target,sample_iNEXT_ASV_55960acf
30ffd3df39e5c523,target,sample_iNEXT_ASV_55a62460
5fdd99b220624bea,target,sample_iNEXT_ASV_55e315e0
dd73d3d041276c28,target,sample_iNEXT_ASV_5651c085
691d34d8fc969d40,target,sample_iNEXT_ASV_5792e0f4
b9ea4ef8812dda72,target,sample_iNEXT_ASV_59630a28
27ba12b211eb0008,target,sample_iNEXT_ASV_59a97192
1f521041d8f0d2f4,target,sample_iNEXT_ASV_5c0066f0
2cd32da2ae07a56f,target,sample_iNEXT_ASV_5ce340cf
efeefc86b719fa5e,target,sample_iNEXT_ASV_5df60a9e
3faea85d74b6b111,target,sample_iNEXT_ASV_5ebece3e
9b45e24ce86090f8,target,sample_iNEXT_ASV_5ff341a4
6761896747fe362e,target,sample_iNEXT_ASV_600b27eb
09f5d1bd63e03bdf,target,sample_iNEXT_ASV_6015ed92
75b18ecb646c28da,target,sample_iNEXT_ASV_60612fd6
4195ab29c108f7cf,target,sample_iNEXT_ASV_632dfeb3
140639b90f5ee64f,target,sample_iNEXT_ASV_63dcade3
d7c2bf54b0b19984,target,sample_iNEXT_ASV_64149ebd
ccebef5d4340120e,target,sample_iNEXT_ASV_6639ff88
344d480a021f5541,target,sample_iNEXT_ASV_66a0d827
1532e6b3b35180f3,target,sample_iNEXT_ASV_66c0b7c4
25d5974d5c2384ce,target,sample_iNEXT_ASV_66d8897d
8b2c5877043f2371,target,sample_iNEXT_ASV_6ae340f2
4a0880f94f834531,target,sample_iNEXT_ASV_6c273f6b
835775b4ea4c10c4,target,sample_iNEXT_ASV_6d564113
cb1236a8a7b7e4e7,target,sample_iNEXT_ASV_6da84e0e
7e8f132084483f88,target,sample_iNEXT_ASV_73bbab9d
0b8e3ff9e5e837ae,target,sample_iNEXT_ASV_7529c5cd
b6268eff45247318,target,sample_iNEXT_ASV_76614187
a2f517a396d3400d,target,sample_iNEXT_ASV_78908fa8
ba567da1d7dfe0eb,target,sample_iNEXT_ASV_7934df66
fe80ab1499cc6ec6,target,sample_iNEXT_ASV_796b77bf
2046aa63babe0aed,target,sample_iNEXT_ASV_7a4e01c8
e6e422c8307bb6e0,target,sample_iNEXT_ASV_7b2ce067
aad3e0c0e7c2248b,target,sample_iNEXT_ASV_80f81f23
b72ac84f85ce1a00,target,sample_iNEXT_ASV_811c2496
18a6c208875c98be,target,sample_iNEXT_ASV_819d9d99
5b996f7fc8631722,target,sample_iNEXT_ASV_82e210e2
ef964a385982dfd9,target,sample_iNEXT_ASV_83486ec8
b8d11fb038bf1f4f,target,sample_iNEXT_ASV_84828d55
7418ebe8826a9e10,target,sample_iNEXT_ASV_851cd4d3
9f0e651011a043cb,target,sample_iNEXT_ASV_8897d373
67d42a74eb9e91a3,target,sample_iNEXT_ASV_8ed6d2e5
d2a159fa5bddea28,target,sample_iNEXT_ASV_8ed7d8f2
f63b3c516f7de905,target,sample_iNEXT_ASV_8f2a134a
38a114dcdb3657ec,target,sample_iNEXT_ASV_8f8a3644
eed30947af9bdb6a,target,sample_iNEXT_ASV_8fa63ddc
783adb67e9a168a7,target,sample_iNEXT_ASV_8fdb3ca7
79da406ff21dcaae,target,sample_iNEXT_ASV_90a6e17c
89451ea716e80967,target,sample_iNEXT_ASV_923555fb
41f42e381fa1f525,target,sample_iNEXT_ASV_927ef586
766cf0aa3358e6c9,target,sample_iNEXT_ASV_931f0c70
d5a55e21b22af557,target,sample_iNEXT_ASV_93cc8370
7ddd84d2c5fd0968,target,sample_iNEXT_ASV_943c7440
5590b0296a083d6c,target,sample_iNEXT_ASV_99a99227
33f2c3d98330a729,target,sample_iNEXT_ASV_99c6dedf
99ba8f59d8ccea51,target,sample_iNEXT_ASV_9a6c04a3
96cc1b1732a1275b,target,sample_iNEXT_ASV_9aa956d6
7718173ac66564f9,target,sample_iNEXT_ASV_9adfaf89
6b07a2d091bf4d3d,target,sample_iNEXT_ASV_9cf0637b
288daf0c333c5ce7,target,sample_iNEXT_ASV_9d589faf
5defced56718d614,target,sample_iNEXT_ASV_9f14a32f
9840f186a18d7fc7,target,sample_iNEXT_ASV_a0a26d1d
27dc8128759fae13,target,sample_iNEXT_ASV_a3af18db
2b00319fe4ad8ece,target,sample_iNEXT_ASV_a46fad4b
962516a39ff82f41,target,sample_iNEXT_ASV_a5d83239
0c51783de65ee901,target,sample_iNEXT_ASV_a704755a
16544f3687d77eba,target,sample_iNEXT_ASV_a96467db
4f7b9257f7841dfc,target,sample_iNEXT_ASV_a9863095
96fc681b9f2a5040,target,sample_iNEXT_ASV_aabdd302
db2175bb20646e03,target,sample_iNEXT_ASV_aec2252e
7f6cbaa01a344e8d,target,sample_iNEXT_ASV_aedfd492
145758cdf962a90b,target,sample_iNEXT_ASV_b08f2fff
45b7e2bc5dac0f88,target,sample_iNEXT_ASV_b139701d
a0dde51cac0db4e3,target,sample_iNEXT_ASV_b1c54cad
dc9184ceb8f6ca75,target,sample_iNEXT_ASV_b1cbf7e4
53365883d5316130,target,sample_iNEXT_ASV_b1ddbcdf
341cd87d76223a1a,target,sample_iNEXT_ASV_b23598a8
0abfda8511076e98,target,sample_iNEXT_ASV_b24ef298
f1046ac0826031a6,target,sample_iNEXT_ASV_b4a3579e
cd0441cddabce243,target,sample_iNEXT_ASV_b50ce987
91d73d0210708743,target,sample_iNEXT_ASV_b7734d69
902f4879abbb86a2,target,sample_iNEXT_ASV_b902a101
8d5827917e34fdbd,target,sample_iNEXT_ASV_b9e42cc4
4334c05b2bd874c6,target,sample_iNEXT_ASV_ba647c94
908677ef8c395ee1,target,sample_iNEXT_ASV_ba9959f8
ef02d7720f7303d4,target,sample_iNEXT_ASV_baaf9a7f
1993c4269bbd08e4,target,sample_iNEXT_ASV_bb25c409
c6bce573fbca4d40,target,sample_iNEXT_ASV_bb988936
0b831a3cc4f8ec78,target,sample_iNEXT_ASV_bb9a4b3a
a2b81c0b8865fbac,target,sample_iNEXT_ASV_bc278448
4259862ed250fa2f,target,sample_iNEXT_ASV_bd279d03
f434801e59bd874a,target,sample_iNEXT_ASV_be51a9db
ed5cd81577d9bc64,target,sample_iNEXT_ASV_bf3c6efb
32d7779e6ab84cb2,target,sample_iNEXT_ASV_bff6b557
6a5e16a2abbd4821,target,sample_iNEXT_ASV_c1a96297
c28ceec3a18db77d,target,sample_iNEXT_ASV_c1d6072f
5f24cfdca8e64eb9,target,sample_iNEXT_ASV_c2beeb46
8f9d346e6e55470a,target,sample_iNEXT_ASV_c3f86b73
acc3597d1f940c1d,target,sample_iNEXT_ASV_c616f5cd
9e234945b424c60c,target,sample_iNEXT_ASV_c8ba4940
b9f7143b91be12fd,target,sample_iNEXT_ASV_c983d540
3529300be0cc392a,target,sample_iNEXT_ASV_c9a7dcf0
737cedaca3537dcf,target,sample_iNEXT_ASV_ca16e585
b85da169cdfb82a0,target,sample_iNEXT_ASV_ca3372da
ba69cc0de1fcf3c4,target,sample_iNEXT_ASV_cbd539e5
66d5e568350ac76e,target,sample_iNEXT_ASV_cbda3f4f
ea88f3bc5a7d5940,target,sample_iNEXT_ASV_cc80ca42
4a05cbe96d79ed7e,target,sample_iNEXT_ASV_ce0ccfde
bc015f16f63eefe6,target,sample_iNEXT_ASV_ce305b9c
ebd03150bb79a7d9,target,sample_iNEXT_ASV_ce557a66
b38f8b9524ed3790,target,sample_iNEXT_ASV_cee27978
b9cce58316f1f627,target,sample_iNEXT_ASV_d01526ed
5473bf3748046afb,target,sample_iNEXT_ASV_d0ad8a7f
f5165a273440a8a7,target,sample_iNEXT_ASV_d0ccdd75
50248e9273a1388f,target,sample_iNEXT_ASV_d1a3e110
ff5ed884413ffdfd,target,sample_iNEXT_ASV_d26e1ae5
6f5bd363989da34f,target,sample_iNEXT_ASV_d2d9ac78
61081163ca8c04dc,target,sample_iNEXT_ASV_d5da526e
5de7868b474571ee,target,sample_iNEXT_ASV_d604dcb0
c9487bf84a87f772,target,sample_iNEXT_ASV_d649d83f
bd67e82586afa69f,target,sample_iNEXT_ASV_d6b9e6d5
1a41c6d57c58cb2d,target,sample_iNEXT_ASV_d7674d08
0cab2cf24f1b0a43,target,sample_iNEXT_ASV_d8cc788c
657f47a5f62fe0ee,target,sample_iNEXT_ASV_db28500f
8bd97fb593163fe8,target,sample_iNEXT_ASV_db74c5d9
f958cefff74de2b0,target,sample_iNEXT_ASV_ddc05c25
9574c0887843b743,target,sample_iNEXT_ASV_de919d68
b38fa7341ff5224d,target,sample_iNEXT_ASV_e210ffc4
ae909dd58717e703,target,sample_iNEXT_ASV_e33d4e0a
21890f5170c74dc1,target,sample_iNEXT_ASV_e52b8ff1
1bca004e3ae60636,target,sample_iNEXT_ASV_e6153652
5dc6a5934b7b02d9,target,sample_iNEXT_ASV_e95de536
43d0e99b1342050b,target,sample_iNEXT_ASV_eb697086
a3f62832e19591b7,target,sample_iNEXT_ASV_ec1e7680
d78f6a7a90e8bcf7,target,sample_iNEXT_ASV_ec5bf49f
19750fe28ccdb25f,target,sample_iNEXT_ASV_ed3649fd
448149bed5e93ef6,target,sample_iNEXT_ASV_ef2b89cd
8238bf3ede3131bb,target,sample_iNEXT_ASV_ef5db92b
ee099733a3ea50b2,target,sample_iNEXT_ASV_f1c1f7ea
27bfcaf58ee15ef8,target,sample_iNEXT_ASV_f44a67de
56b5a17ec8bfcf15,target,sample_iNEXT_ASV_f630be29
8e2099e46e673f09,target,sample_iNEXT_ASV_f7b65ac6
023cbee56289f148,target,sample_iNEXT_ASV_f8463ff4
a29180c6a666d9f5,target,sample_iNEXT_ASV_f8835a1e
9d81237439d69c20,target,sample_iNEXT_ASV_f8ffdb7d
a97c71584e7f9831,target,sample_iNEXT_ASV_f9c2491f
10df1fe72c0f1e9a,target,sample_iNEXT_ASV_f9e650c2
1afad67149fdd3d8,target,sample_iNEXT_ASV_fb115146
62db9575e9b19183,target,sample_iNEXT_ASV_fdbcb98e
eb8de1751497e293,target,sample_iNEXT_ASV_fe6e8589
120537b373381214,target,sample_iNEXT_ASV_fe79167f
8cf6e0cb0bf209a1,target,sample_iNEXT_ASV_fea05d6e
f803aea756b94a8f,target,sample_iNEXT_ASV_ff3fdc6a
9104b4aba90f9590,target,sample_iNEXT_ASV_fffc5a93
9405817cd39b03d7,target,sample_iNEXT_OTU
b7ca19645fbc22e4,target,sample_iNEXT_OTU_00ca26a6
050a0158e5c9ef00,target,sample_iNEXT_OTU_0192782c
2203f7cdafbb6e5c,target,sample_iNEXT_OTU_01cbd77b
40cf6b2451cf363e,target,sample_iNEXT_OTU_0209fdbc
7716fb7e61031d48,target,sample_iNEXT_OTU_02d6e508
d55b58c7968b78d3,target,sample_iNEXT_OTU_030bfc2b
8aa8f3aefa701b9b,target,sample_iNEXT_OTU_03bdb541
1139d4d3f43fe30d,target,sample_iNEXT_OTU_04056a63
5d23d6bc94340647,target,sample_iNEXT_OTU_077559a5
8cb29c1a3079a480,target,sample_iNEXT_OTU_081f551f
5b01e670594bd9a8,target,sample_iNEXT_OTU_090f88cf
da13d5b9cebd411a,target,sample_iNEXT_OTU_09847e7d
a32f19c0928de111,target,sample_iNEXT_OTU_09908333
1ebc54c4ab9d05df,target,sample_iNEXT_OTU_0a02362c
1888933100e8e7e8,target,sample_iNEXT_OTU_0c530189
6725e04a78614266,target,sample_iNEXT_OTU_0d391658
7cbbb4582d4e1d25,target,sample_iNEXT_OTU_0da9ec14
a6b0d806b71629b5,target,sample_iNEXT_OTU_0dbdbe20
89d41e81fa9018c0,target,sample_iNEXT_OTU_0df336ac
d92a6c97376c1f2f,target,sample_iNEXT_OTU_0e7b4a49
6e78dfba3ef8882d,target,sample_iNEXT_OTU_0e8382c2
0d58eefc3b7a19f0,target,sample_iNEXT_OTU_0e8caf52
cb97610b0bdaf3d3,target,sample_iNEXT_OTU_0ecfb1f7
4fff6b3ee0a494db,target,sample_iNEXT_OTU_0fda2892
8ec998a413a608b9,target,sample_iNEXT_OTU_0fe45b67
2a35790e52b5c0e5,target,sample_iNEXT_OTU_1288bcd2
eb4b1105dcfec97a,target,sample_iNEXT_OTU_1467dd1d
8227f75f2ce925ee,target,sample_iNEXT_OTU_14b65242
41dac106c6282548,target,sample_iNEXT_OTU_14ef72e6
f64f670d3f2a0d63,target,sample_iNEXT_OTU_17596d40
78b067a48a854374,target,sample_iNEXT_OTU_17c6a2d7
e2b1c5142505b717,target,sample_iNEXT_OTU_189236c6
a709834c2373d2d6,target,sample_iNEXT_OTU_1a3ecb38
ef6467bc2a987de2,target,sample_iNEXT_OTU_1b559e66
a97b4c46d020b32c,target,sample_iNEXT_OTU_1b75d04f
0abe695eae99ec59,target,sample_iNEXT_OTU_1cb2d7b3
6af1cb3269bedadd,target,sample_iNEXT_OTU_1e18f7d8
1de0c571c75beb2b,target,sample_iNEXT_OTU_1e6ecfee
bb56b988d3c4b737,target,sample_iNEXT_OTU_20215b23
87335ba317eacb3b,target,sample_iNEXT_OTU_203e4dab
e7b2a42765c7028f,target,sample_iNEXT_OTU_21065681
d1c7daa56c19ad4a,target,sample_iNEXT_OTU_21a78d38
aa849e9447240f4a,target,sample_iNEXT_OTU_23c68de4
f475ebf124a337ca,target,sample_iNEXT_OTU_24423f48
6cafdc712d4f26a4,target,sample_iNEXT_OTU_24b3c35c
1ca1c605906e46d3,target,sample_iNEXT_OTU_2673c656
ac5c11f1cea6b182,target,sample_iNEXT_OTU_26cda33a
0c69a9a0ef9ff787,target,sample_iNEXT_OTU_27ce8826
bccccde7b504fc73,target,sample_iNEXT_OTU_2834ee75
a42de0face704d1b,target,sample_iNEXT_OTU_283706ac
1552d209869f65f0,target,sample_iNEXT_OTU_283e92b7
3e82049ce0dcb89f,target,sample_iNEXT_OTU_288b04ea
aeaeeb80e19f7f45,target,sample_iNEXT_OTU_28a08389
ec8170cdb379ce82,target,sample_iNEXT_OTU_29b3920f
0883bc289d0e5ea4,target,sample_iNEXT_OTU_29d75b9f
37a544b0cb7452cf,target,sample_iNEXT_OTU_2c1aaae8
44b6c1b84c7b7efe,target,sample_iNEXT_OTU_2c237d2a
1104f79b025a3049,target,sample_iNEXT_OTU_2c84ed20
d387972833713463,target,sample_iNEXT_OTU_2c8f2eac
e0bc884359601868,target,sample_iNEXT_OTU_2d867237
ff61e08ba2545a16,target,sample_iNEXT_OTU_2f002c6e
89bf911fa70dfc5e,target,sample_iNEXT_OTU_320a1a01
b5cf92546b1ddc8f,target,sample_iNEXT_OTU_333acc14
15a6fbe45392c0ce,target,sample_iNEXT_OTU_338709de
1a615dd3d470c5e0,target,sample_iNEXT_OTU_35ef58de
8250f2ff976cafd8,target,sample_iNEXT_OTU_36665d64
e7de3d7140a77d7c,target,sample_iNEXT_OTU_36b3a851
e8b7bcaea46e536c,target,sample_iNEXT_OTU_36d0de6f
812c4b5dbe48dc0f,target,sample_iNEXT_OTU_3899b62e
ff8d2ec7ecfe0906,target,sample_iNEXT_OTU_38a9f140
424ab5c607e911ca,target,sample_iNEXT_OTU_38b21d51
9e7733cda01b2811,target,sample_iNEXT_OTU_390b1cda
943269691497200d,target,sample_iNEXT_OTU_3abb4ec4
99a1dabe85c5a230,target,sample_iNEXT_OTU_3cd4839c
ee400cf3503b543f,target,sample_iNEXT_OTU_3d6d44ae
1678294fcfc3b4ba,target,sample_iNEXT_OTU_3e8adb97
a9606a9bf6f846a6,target,sample_iNEXT_OTU_3f086f2d
11f52cc12cc56ef5,target,sample_iNEXT_OTU_4095dd87
c2128e69f2a4c5d3,target,sample_iNEXT_OTU_417199d4
c7d9218d49630512,target,sample_iNEXT_OTU_41ce87d5
b22c0554f5802c39,target,sample_iNEXT_OTU_43e227c3
47d444463f730aa9,target,sample_iNEXT_OTU_4417235d
6f3dd9daeaeef73a,target,sample_iNEXT_OTU_441a342f
de056ef0adbb7504,target,sample_iNEXT_OTU_4530545c
990fc077410f3c02,target,sample_iNEXT_OTU_46cc90c9
0740b55fdd2e0439,target,sample_iNEXT_OTU_4868ee7a
bf29fbf8dc9cd820,target,sample_iNEXT_OTU_4ac4b0e4
f247ca56f12c4761,target,sample_iNEXT_OTU_4b8a18bf
619ec38929b6d9a1,target,sample_iNEXT_OTU_4bd58fb3
7d6b9bef7ffe2e7d,target,sample_iNEXT_OTU_4d5679d4
5ff50e85fbeb1463,target,sample_iNEXT_OTU_4dc7b150
5af0a5a55b33e4db,target,sample_iNEXT_OTU_4de9cf98
ca3b82c43800af3e,target,sample_iNEXT_OTU_4f45c644
9dd99f56d12534db,target,sample_iNEXT_OTU_4f9e2dbd
1c4da023862ee7e6,target,sample_iNEXT_OTU_503eee92
6b7d9e56d548bd9f,target,sample_iNEXT_OTU_51f5ceef
d5cd613555ce726d,target,sample_iNEXT_OTU_53113614
95fbdf112c2c345d,target,sample_iNEXT_OTU_53c1d44b
ee1e97bce7e78a28,target,sample_iNEXT_OTU_573f641e
1f7ae6605fe8420f,target,sample_iNEXT_OTU_5861cee1
ed791bf52b347b67,target,sample_iNEXT_OTU_5b4c103e
35e55602ac5790df,target,sample_iNEXT_OTU_5b54f3b1
35c4400a68799f17,target,sample_iNEXT_OTU_5bcaa8dc
84ee93fabc87530a,target,sample_iNEXT_OTU_5c3a2de8
c3cd45828378186f,target,sample_iNEXT_OTU_5c71bb0b
2cfd29f0db7a21c6,target,sample_iNEXT_OTU_5d4b781c
89e21b8b229cccaa,target,sample_iNEXT_OTU_6024542c
1616719c15aca020,target,sample_iNEXT_OTU_627b8e68
95b4cd7354c3e926,target,sample_iNEXT_OTU_640a1b20
293e9a9a38259587,target,sample_iNEXT_OTU_65d35185
5385ad21ae610431,target,sample_iNEXT_OTU_67c4e67c
ecc57ca850188d54,target,sample_iNEXT_OTU_680d5cfd
710770ba3c826130,target,sample_iNEXT_OTU_68c1131e
cc094ce59814b60b,target,sample_iNEXT_OTU_69f6ab65
c8c30fa4c22f765d,target,sample_iNEXT_OTU_6ba5699c
ca53484af2ca9999,target,sample_iNEXT_OTU_6d4593d8
c8123c9e86db559c,target,sample_iNEXT_OTU_6e3dc340
d048db3419ca9a04,target,sample_iNEXT_OTU_6e57fd73
c2ea358ae5f1d21a,target,sample_iNEXT_OTU_6f221b46
2ddcc82f2881eafd,target,sample_iNEXT_OTU_6f70aefb
ce622c8fa189a455,target,sample_iNEXT_OTU_700df7aa
4e3618c8e2ce56cd,target,sample_iNEXT_OTU_7073e579
dd862eed496f8557,target,sample_iNEXT_OTU_71db688d
1e911bbdd910e570,target,sample_iNEXT_OTU_72d883d6
815be1548dd7bc5f,target,sample_iNEXT_OTU_799e42a5
a8f25fa94a433792,target,sample_iNEXT_OTU_7ad73bfe
d7451546f621fdad,target,sample_iNEXT_OTU_7b521fe5
ef88e0b212a13d7a,target,sample_iNEXT_OTU_7b8b7cd8
93f6866c1e8983ff,target,sample_iNEXT_OTU_7be24b1a
047ec16e34cc61c4,target,sample_iNEXT_OTU_7bebc9ea
c0d521c7166315ea,target,sample_iNEXT_OTU_7e0fea20
94385d15ecb9a82e,target,sample_iNEXT_OTU_7e2b69f8
22a8f104b01bfea9,target,sample_iNEXT_OTU_8176125f
5ed111599958f3eb,target,sample_iNEXT_OTU_81faa34f
b28db667b4c4d3e6,target,sample_iNEXT_OTU_831c77e4
d0243bef9fd2e735,target,sample_iNEXT_OTU_8686256a
328743383a08d862,target,sample_iNEXT_OTU_89b1e982
062a577f4d6c8543,target,sample_iNEXT_OTU_8a56be40
ec07b10833628ddc,target,sample_iNEXT_OTU_8a5cf518
5a54cac3100dc1e5,target,sample_iNEXT_OTU_8ab9cf2f
c623b5c177931852,target,sample_iNEXT_OTU_8b7df6dd
f0be2dcefcd67f59,target,sample_iNEXT_OTU_8c125a09
1c27bf8127bf10c1,target,sample_iNEXT_OTU_8cdc539f
f63b3c516f7de905,target,sample_iNEXT_OTU_8f2a134a
b1d919383a629fd6,target,sample_iNEXT_OTU_90cd285a
1e753e1b4d4a6c56,target,sample_iNEXT_OTU_91aeeb62
7fe4b6b4edb2ba2d,target,sample_iNEXT_OTU_91bd821c
fc081a21664e12f5,target,sample_iNEXT_OTU_928769a4
d8ca8da462a3e83e,target,sample_iNEXT_OTU_9293fe28
bceba143eba1293f,target,sample_iNEXT_OTU_933421c3
8d0ea2ba960aa7c3,target,sample_iNEXT_OTU_966cc4a3
2110cba33dec9766,target,sample_iNEXT_OTU_98886e70
bf3da16052f3e749,target,sample_iNEXT_OTU_9ccf8ec7
05822ffacb5c28b4,target,sample_iNEXT_OTU_a22e83bd
4c96290551a0950d,target,sample_iNEXT_OTU_a739b7e3
826cee8137c3eae7,target,sample_iNEXT_OTU_a8171746
2370bfbb09bb8dd3,target,sample_iNEXT_OTU_a8774f89
f88cfe271e9cdb36,target,sample_iNEXT_OTU_a88b0582
9de37cc7b957ff99,target,sample_iNEXT_OTU_ab642429
f0b32f84c4e66a56,target,sample_iNEXT_OTU_acdc17e7
2d144ec90069e96d,target,sample_iNEXT_OTU_acf6f6a2
9d626bc0a5a96113,target,sample_iNEXT_OTU_ad507822
a1f945ee30642029,target,sample_iNEXT_OTU_b084e1c5
074927478844c618,target,sample_iNEXT_OTU_b0f38180
b5bc8753f97610ba,target,sample_iNEXT_OTU_b2deb755
4189271c9b0b9799,target,sample_iNEXT_OTU_b350a8b4
69ac61ca77047ca3,target,sample_iNEXT_OTU_b395600a
1c40f51526a71803,target,sample_iNEXT_OTU_b4f68c01
b79b0980bbc890b7,target,sample_iNEXT_OTU_b51e28b3
1d6a1e0b7467b53d,target,sample_iNEXT_OTU_b5a69b6b
45fecf1758676f3a,target,sample_iNEXT_OTU_b5aecfaf
2bc33d4bcee6d053,target,sample_iNEXT_OTU_b5d733e1
2e704b9d7eafbe61,target,sample_iNEXT_OTU_b5e86979
cf83f9575a33bcad,target,sample_iNEXT_OTU_b77d4438
8a8d99e2ffa5e25e,target,sample_iNEXT_OTU_b7fe9cf2
60bec0c2f112155c,target,sample_iNEXT_OTU_b979d9fa
c586d1966b3c2114,target,sample_iNEXT_OTU_ba094b8a
536911972a8b0fbd,target,sample_iNEXT_OTU_bb27e673
f5759d9b661e5505,target,sample_iNEXT_OTU_bb8424cc
c0cf2a234fcdd3f6,target,sample_iNEXT_OTU_bbaf8d6e
624e3b6e239c0d2c,target,sample_iNEXT_OTU_bc512ba5
9b41c7d8a45523c8,target,sample_iNEXT_OTU_bc8a5983
65beade52ebdfa80,target,sample_iNEXT_OTU_bcb69d30
2e1d6a189a9630d3,target,sample_iNEXT_OTU_bdca0930
1bb84ab3b86f548d,target,sample_iNEXT_OTU_befd01b9
ca790d83c29e6ec5,target,sample_iNEXT_OTU_c172b565
87a47bf742a2e8fe,target,sample_iNEXT_OTU_c19b818f
7bb63ceb9cb7cfce,target,sample_iNEXT_OTU_c1cdae45
823af94998cea2a8,target,sample_iNEXT_OTU_c306f5cd
46e019cdfbacaf79,target,sample_iNEXT_OTU_c3be7509
1779836f27bdac4f,target,sample_iNEXT_OTU_c4e1de67
219c652576c199fa,target,sample_iNEXT_OTU_c59fb2ba
7152c68235828bd0,target,sample_iNEXT_OTU_c742140e
0eac267b23c09884,target,sample_iNEXT_OTU_c747d37d
542e0991a4c48850,target,sample_iNEXT_OTU_c826c1ea
5525e228462c364f,target,sample_iNEXT_OTU_c84ad265
fd87c676df5593e6,target,sample_iNEXT_OTU_c8d03f39
8b727e00a096dada,target,sample_iNEXT_OTU_ca22f843
93babcf0fd630780,target,sample_iNEXT_OTU_cc4bc5c2
8cdc40de4f0601c2,target,sample_iNEXT_OTU_cc8d86fa
0abc3168fc7d530b,target,sample_iNEXT_OTU_cd261f05
fcdbfc20b9a54439,target,sample_iNEXT_OTU_ce335b77
6e32eec286614563,target,sample_iNEXT_OTU_ce5c3fe5
84c23a883448daf3,target,sample_iNEXT_OTU_cf05481f
9b6069b7fa59412c,target,sample_iNEXT_OTU_cfc52d56
0aeaa9bee6223969,target,sample_iNEXT_OTU_cfd18803
b1ff848af1c2c4e7,target,sample_iNEXT_OTU_d2bb99b5
5fa63e1a1b968f70,target,sample_iNEXT_OTU_d2cfa523
730e3673a0392e15,target,sample_iNEXT_OTU_d3ac28ff
3cc73830086a67cc,target,sample_iNEXT_OTU_d5509681
2fdca1220e2bd102,target,sample_iNEXT_OTU_d59c43f4
e35476230db3e170,target,sample_iNEXT_OTU_d6a178c1
5ef586973b7a8a83,target,sample_iNEXT_OTU_d782314a
9fa9f3e9c9a8c31b,target,sample_iNEXT_OTU_d792a3a5
2b6c66db9faf7819,target,sample_iNEXT_OTU_d8357129
eabc80ec4eee89ca,target,sample_iNEXT_OTU_d9a2f852
1a0a294bde17ba1e,target,sample_iNEXT_OTU_dbe9df24
14599e9d6df73134,target,sample_iNEXT_OTU_ddb620da
cd6d030f7fb30570,target,sample_iNEXT_OTU_de7adaf8
e13c252f029a57ba,target,sample_iNEXT_OTU_deea2aec
f162173005941b8c,target,sample_iNEXT_OTU_df1ab4c6
d0302f263bc66b61,target,sample_iNEXT_OTU_e0be1b9c
1942c7875cdd65b9,target,sample_iNEXT_OTU_e296ab31
4f8ece8bf245b013,target,sample_iNEXT_OTU_e2a9fc96
95899f002e301067,target,sample_iNEXT_OTU_e3001473
77580643147c6b26,target,sample_iNEXT_OTU_e39062bb
bffd46a8232ae49a,target,sample_iNEXT_OTU_e4830703
7e2c511d902500dc,target,sample_iNEXT_OTU_e5d7aafa
7d52ac872f969b15,target,sample_iNEXT_OTU_e950a43a
6089717ee1e4df30,target,sample_iNEXT_OTU_eb4a0a18
ce749c2df7263b1a,target,sample_iNEXT_OTU_eb778f60
e0675783752da6d1,target,sample_iNEXT_OTU_eb98bf01
75166a7e4d50469f,target,sample_iNEXT_OTU_ebc9a100
a96230348f4e95c5,target,sample_iNEXT_OTU_ec3834e9
ba704a600a3dafcc,target,sample_iNEXT_OTU_ed76cb07
da198ddd0b68d503,target,sample_iNEXT_OTU_ee1748b3
d1a2895fccb4da67,target,sample_iNEXT_OTU_ef1921ec
aae4e5e79a7e3fdb,target,sample_iNEXT_OTU_f0ef7f63
452c2c8e73390921,target,sample_iNEXT_OTU_f18f263a
a68d85bc78262a7f,target,sample_iNEXT_OTU_f22fd3dc
f7b2e417cf81b588,target,sample_iNEXT_OTU_f285662b
9f1df7d64f8b8ff5,target,sample_iNEXT_OTU_f594c8db
0b13b3b9fa54b8d5,target,sample_iNEXT_OTU_f7d703b1
623ba8bee85e511d,target,sample_iNEXT_OTU_f84c1e6b
8c0849daa498012d,target,sample_iNEXT_OTU_f91f2195
8c99b1e74b4f316a,target,sample_iNEXT_OTU_f93a843c
bdc5068fb605a170,target,sample_iNEXT_OTU_f9a271d6
7df5ca2b6461c7ad,target,sample_iNEXT_OTU_f9b72a52
81cb74a0381dbd60,target,sample_iNEXT_OTU_f9deda7e
f3f89cb03fad3912,target,sample_iNEXT_OTU_f9dff317
2268422640a1f024,target,sample_iNEXT_OTU_fa03f45a
cb7fe2e789a26d09,target,sample_iNEXT_OTU_fc545d1a
03f8f42a12bf7dfd,target,sample_iNEXT_OTU_fdfb886d
617078b1fc9123a8,target,sample_iNEXT_OTU_fe946006
bc93f041db1f5d0a,target,sample_iNEXT_OTU_feef1de9
a761d6383bb6a41a,target,sample_iNEXT_OTU_ff29549e
175663f0f2548210,target,sample_iNEXT_OTU_ffb5959e
e025e44a28f3a8e3,target,sample_rarefy_ASV
5d7618a5be4cfc16,target,sample_rarefy_ASV_02972e83
430a93e6175394b9,target,sample_rarefy_ASV_02caeb6c
8321ecf7a0f81d0d,target,sample_rarefy_ASV_03bd0339
6b38c6b2d5055a83,target,sample_rarefy_ASV_04fe43c2
33f8abcc83ccb010,target,sample_rarefy_ASV_0568c92f
a1a8ff1c29cef49a,target,sample_rarefy_ASV_0589b93d
f507922de0adb83a,target,sample_rarefy_ASV_0b193b7d
04f7af1a653a1c43,target,sample_rarefy_ASV_0bc11ced
8108d3ac2348c2b4,target,sample_rarefy_ASV_0c4cd14a
8d23eda2c57c3f7d,target,sample_rarefy_ASV_0ed7c9dd
5a389bcb1b761331,target,sample_rarefy_ASV_0fb2aa6c
c450928926cc4fb6,target,sample_rarefy_ASV_10a9c00e
5d5ed4ddd5434b39,target,sample_rarefy_ASV_117ca4c0
20df1801b83aba15,target,sample_rarefy_ASV_119f4382
2350aef4e27aaf76,target,sample_rarefy_ASV_119f5580
ec95b63e6066463a,target,sample_rarefy_ASV_12107c1f
46f3681247abd520,target,sample_rarefy_ASV_12737fb3
13d0f38d0db2aee4,target,sample_rarefy_ASV_12bd70e4
df716090d854e5aa,target,sample_rarefy_ASV_12c68216
52fb35953db9f14f,target,sample_rarefy_ASV_13335d6c
f8f886b4ba789bd2,target,sample_rarefy_ASV_146591c3
c9467867461de40c,target,sample_rarefy_ASV_164e2a60
524be82117831901,target,sample_rarefy_ASV_1698b1fd
cc34afd8accbdad6,target,sample_rarefy_ASV_16d6938a
f319c14227c71941,target,sample_rarefy_ASV_17680b49
27e8d6c7e69338e1,target,sample_rarefy_ASV_19bac422
92314587885ee80b,target,sample_rarefy_ASV_19d287dc
a8e5d27aa52c80ea,target,sample_rarefy_ASV_1ae2a380
0cba39ccee7abeef,target,sample_rarefy_ASV_1c13ca42
023f0aac9c920a00,target,sample_rarefy_ASV_1c28658c
8ff92b1ea21706ef,target,sample_rarefy_ASV_1ddd9b4d
b2c0850ff60deab8,target,sample_rarefy_ASV_1e042740
405331eca8f6918c,target,sample_rarefy_ASV_1e2d0c3c
51a36490508f175e,target,sample_rarefy_ASV_1e3805b5
d33118a64cba004b,target,sample_rarefy_ASV_1ef0949d
974e0c5ace8dbad8,target,sample_rarefy_ASV_203d5525
7ad4deb7c70f6a65,target,sample_rarefy_ASV_21580c8d
e0b64c00c5272cbe,target,sample_rarefy_ASV_21654b5e
dd80117da472744b,target,sample_rarefy_ASV_223edaf2
efd9257409af598e,target,sample_rarefy_ASV_22c74680
0313718e3416aa59,target,sample_rarefy_ASV_2319ee46
bc87899a00e50368,target,sample_rarefy_ASV_2366e311
7d74fc2da48b9a85,target,sample_rarefy_ASV_25c1b658
06f36671073624d2,target,sample_rarefy_ASV_25df457f
0b20d0a00d69132b,target,sample_rarefy_ASV_266bbe95
17cfc74529897d03,target,sample_rarefy_ASV_27d5fa5b
7aaf92325866472e,target,sample_rarefy_ASV_27fee2bc
a7e052dddc203f30,target,sample_rarefy_ASV_280b482e
3c5bc8cc1c5a8d45,target,sample_rarefy_ASV_285272d0
f3bc5ce338c83b34,target,sample_rarefy_ASV_2a26b0d9
0d026ed59ab52356,target,sample_rarefy_ASV_2a574d07
f5e329cd3ca73970,target,sample_rarefy_ASV_2d125ae8
320219c2d7bf5beb,target,sample_rarefy_ASV_2ddbbc21
9f7c30a52f6be5b5,target,sample_rarefy_ASV_2e41e350
fcc18cc8cb74df94,target,sample_rarefy_ASV_2e473241
4ee2e87a53a3fba5,target,sample_rarefy_ASV_314b631d
c25793a3c788a686,target,sample_rarefy_ASV_3393057a
4dea338f6459c209,target,sample_rarefy_ASV_34408fb5
0fd744371cd78537,target,sample_rarefy_ASV_3465b6ba
ddfc51954436e6a6,target,sample_rarefy_ASV_36bce047
350a4548696afe2a,target,sample_rarefy_ASV_377cf8f1
89d95ce0bd817212,target,sample_rarefy_ASV_38a2351f
60fe06e0a08424d9,target,sample_rarefy_ASV_39dba054
b63fd82672ede90a,target,sample_rarefy_ASV_3aa27340
ad8c286413c1cc25,target,sample_rarefy_ASV_3b694ac3
dda59b81fb4e6077,target,sample_rarefy_ASV_3c0d1275
7de55bcb40ab2c90,target,sample_rarefy_ASV_3dbd0d0c
a090073ea46cd338,target,sample_rarefy_ASV_3dc7456a
9d3f9efde2cbab72,target,sample_rarefy_ASV_3ee7a9bb
239d1104fe4b94d2,target,sample_rarefy_ASV_3f7be59b
7a7591144596f97c,target,sample_rarefy_ASV_3fa914d9
f49ebcf4a0fa2f4f,target,sample_rarefy_ASV_3fc0b155
2e96c324b7f81302,target,sample_rarefy_ASV_3fc60a0f
1800466c7977636c,target,sample_rarefy_ASV_40ee5491
12e1a532e607541b,target,sample_rarefy_ASV_41dc1183
348c88eac0fae22d,target,sample_rarefy_ASV_4210ec0c
9cdba0b806f732da,target,sample_rarefy_ASV_421b449f
80a742a22d441f4a,target,sample_rarefy_ASV_42368913
ab50b49c637c3302,target,sample_rarefy_ASV_42a23a86
cc586d2016d5ca01,target,sample_rarefy_ASV_42b7d692
df81a459783b4ea5,target,sample_rarefy_ASV_42bd131d
9c99f749f9473aaf,target,sample_rarefy_ASV_44f1321c
cd416c89c9e54098,target,sample_rarefy_ASV_45168a13
f122b1b3188808f1,target,sample_rarefy_ASV_462ebc96
87a6433c4b09f9cc,target,sample_rarefy_ASV_46ee3ed4
206c990539017d74,target,sample_rarefy_ASV_4895b8ef
4541236addfffb94,target,sample_rarefy_ASV_48c2b483
1ff494c56ccfc99e,target,sample_rarefy_ASV_490b5f00
af75a5ded84c6d8f,target,sample_rarefy_ASV_49477b19
7aa085d25e0fcb6d,target,sample_rarefy_ASV_4a522892
30760986445eebd2,target,sample_rarefy_ASV_4a60ae86
6db2ab61ab2bdf2c,target,sample_rarefy_ASV_4c89ad62
90f84222387163f5,target,sample_rarefy_ASV_4d0b521b
4d25fa0ba8d603d3,target,sample_rarefy_ASV_4d51a06c
2f1121fb009fcce9,target,sample_rarefy_ASV_4df8b48b
2cbb9bbc4bc773bc,target,sample_rarefy_ASV_4e4b3842
11e002c0783df9c2,target,sample_rarefy_ASV_520d8660
e4596227308624c8,target,sample_rarefy_ASV_522e0983
36aa4f4f2b953273,target,sample_rarefy_ASV_52935b91
482c9bb84616fa8a,target,sample_rarefy_ASV_52f6117c
616dc19bafa85d16,target,sample_rarefy_ASV_54162191
09a55533a1e6986b,target,sample_rarefy_ASV_54ae9911
eed0db99f4666eb2,target,sample_rarefy_ASV_55960acf
2f57e6d352647b09,target,sample_rarefy_ASV_55a62460
92af95afae3b0e91,target,sample_rarefy_ASV_55e315e0
a2e226915866d4b0,target,sample_rarefy_ASV_5651c085
a04eff5065e84cd9,target,sample_rarefy_ASV_5792e0f4
b599947a87d77817,target,sample_rarefy_ASV_59630a28
0ba9a548702e5057,target,sample_rarefy_ASV_59a97192
d7231523f3901619,target,sample_rarefy_ASV_5c0066f0
05f323abf240b06f,target,sample_rarefy_ASV_5ce340cf
8d656deb858ddd68,target,sample_rarefy_ASV_5df60a9e
ff7b5d39ed6cb73a,target,sample_rarefy_ASV_5ebece3e
cabb172ec25ae64e,target,sample_rarefy_ASV_5ff341a4
9e806b6840f9cba6,target,sample_rarefy_ASV_600b27eb
020cd8fc4e89ffba,target,sample_rarefy_ASV_6015ed92
73e24adb178a6ebc,target,sample_rarefy_ASV_60612fd6
826edf32690b0bd9,target,sample_rarefy_ASV_632dfeb3
6d947425b965591c,target,sample_rarefy_ASV_63dcade3
e04dbc7b136d44ff,target,sample_rarefy_ASV_64149ebd
009a3d15d0a91377,target,sample_rarefy_ASV_6639ff88
22ae92849fcaaf2d,target,sample_rarefy_ASV_66a0d827
e0082361c81995e8,target,sample_rarefy_ASV_66c0b7c4
06007c6038f1b7fd,target,sample_rarefy_ASV_66d8897d
790ba041f8c3a563,target,sample_rarefy_ASV_6ae340f2
d08a78ac0a214498,target,sample_rarefy_ASV_6c273f6b
2cfc8125e994919b,target,sample_rarefy_ASV_6d564113
1300d4a4bce0f826,target,sample_rarefy_ASV_6da84e0e
b260e008485bb765,target,sample_rarefy_ASV_73bbab9d
94048f535a30f2ee,target,sample_rarefy_ASV_7529c5cd
483240c2dd1a1213,target,sample_rarefy_ASV_76614187
c4401568f78ace84,target,sample_rarefy_ASV_78908fa8
3159d1b9caaf37f0,target,sample_rarefy_ASV_7934df66
127f326dbf8f8fdc,target,sample_rarefy_ASV_796b77bf
d963dd41e80ca936,target,sample_rarefy_ASV_7a4e01c8
7c2422e851106234,target,sample_rarefy_ASV_7b2ce067
f877e6b91ff25c85,target,sample_rarefy_ASV_80f81f23
7d1eab95a05bd56c,target,sample_rarefy_ASV_811c2496
9795eba7a4dea1de,target,sample_rarefy_ASV_819d9d99
a3ababbdf593de83,target,sample_rarefy_ASV_82e210e2
6a0049e339b57e2a,target,sample_rarefy_ASV_83486ec8
b37a24b119941613,target,sample_rarefy_ASV_84828d55
8f0505aa97ab061c,target,sample_rarefy_ASV_851cd4d3
a95835985b1652cb,target,sample_rarefy_ASV_8897d373
17aa07ca5292e580,target,sample_rarefy_ASV_8ed6d2e5
2f2504d97d9bc065,target,sample_rarefy_ASV_8ed7d8f2
dc515d0b57ebc7e8,target,sample_rarefy_ASV_8f2a134a
613bf13a6189f8e4,target,sample_rarefy_ASV_8f8a3644
8acb6b602981a3d8,target,sample_rarefy_ASV_8fa63ddc
a6a678f410e6da5e,target,sample_rarefy_ASV_8fdb3ca7
e37d368b857a96da,target,sample_rarefy_ASV_90a6e17c
0faec9c58c5478dc,target,sample_rarefy_ASV_923555fb
d7ac6a26d92864f1,target,sample_rarefy_ASV_927ef586
17e38f7d4171e668,target,sample_rarefy_ASV_931f0c70
68ecc09f23cd0fb1,target,sample_rarefy_ASV_93cc8370
7b6e61ec1fe8afbf,target,sample_rarefy_ASV_943c7440
79eef559c46ee4fb,target,sample_rarefy_ASV_99a99227
66fe860cb4a6a2bb,target,sample_rarefy_ASV_99c6dedf
61620902eabca710,target,sample_rarefy_ASV_9a6c04a3
288365282b426215,target,sample_rarefy_ASV_9aa956d6
7c880de5b161cc3a,target,sample_rarefy_ASV_9adfaf89
4cd87aafc3d121c5,target,sample_rarefy_ASV_9cf0637b
bf9c658b961830bf,target,sample_rarefy_ASV_9d589faf
964e7b13fcfe58ad,target,sample_rarefy_ASV_9f14a32f
a48f1bd6cc8d240f,target,sample_rarefy_ASV_a0a26d1d
ae512b009a532ea5,target,sample_rarefy_ASV_a3af18db
f0fa70aa1b192c60,target,sample_rarefy_ASV_a46fad4b
d6c63ef552ee76f9,target,sample_rarefy_ASV_a5d83239
b4c8c3e2f4176601,target,sample_rarefy_ASV_a704755a
b2c4c01381108d17,target,sample_rarefy_ASV_a96467db
56a88bd7d5a9017f,target,sample_rarefy_ASV_a9863095
0861ca4f3a9eaf3e,target,sample_rarefy_ASV_aabdd302
44262450198fffc8,target,sample_rarefy_ASV_aec2252e
e50e0dc0f323b2cf,target,sample_rarefy_ASV_aedfd492
a0c2d0cc24a98dd7,target,sample_rarefy_ASV_b08f2fff
d647f476fba6fe05,target,sample_rarefy_ASV_b139701d
971e751b74b2a13f,target,sample_rarefy_ASV_b1c54cad
be95b6ffdc51a782,target,sample_rarefy_ASV_b1cbf7e4
bd80c5d215683a2f,target,sample_rarefy_ASV_b1ddbcdf
00ccb504995b9092,target,sample_rarefy_ASV_b23598a8
652f656fdfa32f10,target,sample_rarefy_ASV_b24ef298
43a2a4381d929341,target,sample_rarefy_ASV_b4a3579e
e5c63fc4e8dc6f47,target,sample_rarefy_ASV_b50ce987
f363209464d517f7,target,sample_rarefy_ASV_b7734d69
1beb0bb437b86259,target,sample_rarefy_ASV_b902a101
9394ea903ddeb9ee,target,sample_rarefy_ASV_b9e42cc4
a3e9ebf86f12a73a,target,sample_rarefy_ASV_ba647c94
785dbb8a4739118d,target,sample_rarefy_ASV_ba9959f8
d563f152219f2418,target,sample_rarefy_ASV_baaf9a7f
523ec3f36b511b20,target,sample_rarefy_ASV_bb25c409
35b3080cde28a709,target,sample_rarefy_ASV_bb988936
a399f5c5de23c58f,target,sample_rarefy_ASV_bb9a4b3a
fc130c3915266dee,target,sample_rarefy_ASV_bc278448
9b4ef6d18cb0cb89,target,sample_rarefy_ASV_bd279d03
caea100a1a5fceca,target,sample_rarefy_ASV_be51a9db
30d19320f7ce8f19,target,sample_rarefy_ASV_bf3c6efb
947904041ff63b91,target,sample_rarefy_ASV_bff6b557
ed77a087c65cba79,target,sample_rarefy_ASV_c1a96297
efa6a39c0ae37975,target,sample_rarefy_ASV_c1d6072f
5144f356c49deb91,target,sample_rarefy_ASV_c2beeb46
f9745db9d1a8c86d,target,sample_rarefy_ASV_c3f86b73
e118cea7f29a499f,target,sample_rarefy_ASV_c616f5cd
7a48fc9f371e58d8,target,sample_rarefy_ASV_c8ba4940
b9ac2cac8b004625,target,sample_rarefy_ASV_c983d540
5ba173db636741e2,target,sample_rarefy_ASV_c9a7dcf0
667dae3ef44ab2e3,target,sample_rarefy_ASV_ca16e585
4355b8c4c5eaa1e4,target,sample_rarefy_ASV_ca3372da
1771da7a8bc61cc6,target,sample_rarefy_ASV_cbd539e5
869c66b01f6759b1,target,sample_rarefy_ASV_cbda3f4f
e14394e3979b4059,target,sample_rarefy_ASV_cc80ca42
e3de85bc17149a02,target,sample_rarefy_ASV_ce0ccfde
d4fd84be4951e874,target,sample_rarefy_ASV_ce305b9c
bde96ce5667b3892,target,sample_rarefy_ASV_ce557a66
d9558321c0b1cc95,target,sample_rarefy_ASV_cee27978
66d4dff33e48692a,target,sample_rarefy_ASV_d01526ed
622686caafb8d26d,target,sample_rarefy_ASV_d0ad8a7f
a019869cce48a791,target,sample_rarefy_ASV_d0ccdd75
5070a1173849f46c,target,sample_rarefy_ASV_d1a3e110
075a4b9422f488dc,target,sample_rarefy_ASV_d26e1ae5
1bb5e3ca71e7fe2a,target,sample_rarefy_ASV_d2d9ac78
08ebbaee82db26d8,target,sample_rarefy_ASV_d5da526e
d7bc7dafa770666d,target,sample_rarefy_ASV_d604dcb0
8d0ca37f1a778ced,target,sample_rarefy_ASV_d649d83f
65669d72b00c8ac0,target,sample_rarefy_ASV_d6b9e6d5
70bce68a442e18fc,target,sample_rarefy_ASV_d7674d08
06998ad6f8ce64f7,target,sample_rarefy_ASV_d8cc788c
55583223c7220abb,target,sample_rarefy_ASV_db28500f
60b1d2349fd0e724,target,sample_rarefy_ASV_db74c5d9
a8454bf2792cddbb,target,sample_rarefy_ASV_ddc05c25
c3d5a144ec31a39f,target,sample_rarefy_ASV_de919d68
2f2e0ef36893d68a,target,sample_rarefy_ASV_e210ffc4
c09a7acaf16fe314,target,sample_rarefy_ASV_e33d4e0a
0b722a7e33bcf86f,target,sample_rarefy_ASV_e52b8ff1
12b825d48ce48906,target,sample_rarefy_ASV_e6153652
bc09a78ac5dfc2fb,target,sample_rarefy_ASV_e95de536
70b9689fdd1cfe6a,target,sample_rarefy_ASV_eb697086
6c301279c442af23,target,sample_rarefy_ASV_ec1e7680
1230a6c8a5833221,target,sample_rarefy_ASV_ec5bf49f
e8fc7be261b4485f,target,sample_rarefy_ASV_ed3649fd
9d935379bbeac308,target,sample_rarefy_ASV_ef2b89cd
983ebf63fb94ae53,target,sample_rarefy_ASV_ef5db92b
6d7cf53ed9d8b57f,target,sample_rarefy_ASV_f1c1f7ea
65eb857cf99e27f6,target,sample_rarefy_ASV_f44a67de
1446ff1e5a4aac14,target,sample_rarefy_ASV_f630be29
d2b45b7b6e3f9b7b,target,sample_rarefy_ASV_f7b65ac6
2aa42035a65aaf0c,target,sample_rarefy_ASV_f8463ff4
8cd69e6153e3fe0b,target,sample_rarefy_ASV_f8835a1e
ce0aed261f356ccc,target,sample_rarefy_ASV_f8ffdb7d
12b533d3af1837e8,target,sample_rarefy_ASV_f9c2491f
71caa42f6833bab5,target,sample_rarefy_ASV_f9e650c2
f9f079de00103d34,target,sample_rarefy_ASV_fb115146
9b9924659a2c8ddb,target,sample_rarefy_ASV_fdbcb98e
533ca2163d11bb77,target,sample_rarefy_ASV_fe6e8589
1c89b2ea6b839cf0,target,sample_rarefy_ASV_fe79167f
ce60517c95480482,target,sample_rarefy_ASV_fea05d6e
53da5131e3c8e536,target,sample_rarefy_ASV_ff3fdc6a
23d65a7776578150,target,sample_rarefy_ASV_fffc5a93
c5f991c6fa37ee7c,target,sample_rarefy_OTU
9d12ad1f69a277f9,target,sample_rarefy_OTU_00ca26a6
ee59aee0964938bc,target,sample_rarefy_OTU_0192782c
5435314fc553bdb1,target,sample_rarefy_OTU_01cbd77b
1a98691fe3c03c05,target,sample_rarefy_OTU_0209fdbc
cff618ed2b1e4f20,target,sample_rarefy_OTU_02d6e508
ef34016b315393f6,target,sample_rarefy_OTU_030bfc2b
9253ab1efe6a00d4,target,sample_rarefy_OTU_03bdb541
94aee2b4738df8cf,target,sample_rarefy_OTU_04056a63
8f89d870707be8b7,target,sample_rarefy_OTU_077559a5
421692c5facf6d4b,target,sample_rarefy_OTU_081f551f
050b0f1d6ca95cbc,target,sample_rarefy_OTU_090f88cf
2d2f8353b841e15f,target,sample_rarefy_OTU_09847e7d
1c65af8f3e86e9fe,target,sample_rarefy_OTU_09908333
8c5d1974831d9612,target,sample_rarefy_OTU_0a02362c
9975208a74fb71e5,target,sample_rarefy_OTU_0c530189
afd76f4497958e16,target,sample_rarefy_OTU_0d391658
3fee2451e9b4ced9,target,sample_rarefy_OTU_0da9ec14
e6f89ecbc853992b,target,sample_rarefy_OTU_0dbdbe20
47706d57cf7e7626,target,sample_rarefy_OTU_0df336ac
912a3ed2d35a94b5,target,sample_rarefy_OTU_0e7b4a49
92c17ddc25a0c025,target,sample_rarefy_OTU_0e8382c2
d478519b7defc4d6,target,sample_rarefy_OTU_0e8caf52
f64468611d619b77,target,sample_rarefy_OTU_0ecfb1f7
67dfe67fd0eb33c0,target,sample_rarefy_OTU_0fda2892
bcec3765b29b2a43,target,sample_rarefy_OTU_0fe45b67
0c88955e8d033238,target,sample_rarefy_OTU_1288bcd2
a99764cdd762f63c,target,sample_rarefy_OTU_1467dd1d
4c36711bd9bd3640,target,sample_rarefy_OTU_14b65242
cab1f70219ac2422,target,sample_rarefy_OTU_14ef72e6
f7b50df4baabf509,target,sample_rarefy_OTU_17596d40
e9d2f113a24cb2fe,target,sample_rarefy_OTU_17c6a2d7
0fb84bf627bcc381,target,sample_rarefy_OTU_189236c6
de82947725592bea,target,sample_rarefy_OTU_1a3ecb38
faa23b3cff4145a7,target,sample_rarefy_OTU_1b559e66
785089693b148f94,target,sample_rarefy_OTU_1b75d04f
15299cff8ee56156,target,sample_rarefy_OTU_1cb2d7b3
090c69a3bef66915,target,sample_rarefy_OTU_1e18f7d8
62a11acfaa8a3d06,target,sample_rarefy_OTU_1e6ecfee
13af2e89a5fecd73,target,sample_rarefy_OTU_20215b23
5f3063e2ae0558da,target,sample_rarefy_OTU_203e4dab
afda9d3f20d33f46,target,sample_rarefy_OTU_21065681
4d304c29ec458a8c,target,sample_rarefy_OTU_21a78d38
632ac0a316877e80,target,sample_rarefy_OTU_23c68de4
659c11f260316ef0,target,sample_rarefy_OTU_24423f48
4ebba09a1581ee83,target,sample_rarefy_OTU_24b3c35c
b19809b20a67895e,target,sample_rarefy_OTU_2673c656
26b5ae1780127f04,target,sample_rarefy_OTU_26cda33a
347e4126ad6513cd,target,sample_rarefy_OTU_27ce8826
4d79b918f3ce7b3e,target,sample_rarefy_OTU_2834ee75
a9e4778add8b44de,target,sample_rarefy_OTU_283706ac
d45036dc3fc72a9d,target,sample_rarefy_OTU_283e92b7
697d7cf606b41830,target,sample_rarefy_OTU_288b04ea
2e8341b53ee29400,target,sample_rarefy_OTU_28a08389
20c4fe1e880c95af,target,sample_rarefy_OTU_29b3920f
0b0da3bd07fa7f5e,target,sample_rarefy_OTU_29d75b9f
6a2ca8e8c7e3789b,target,sample_rarefy_OTU_2c1aaae8
bd396d217d8a7d3d,target,sample_rarefy_OTU_2c237d2a
be218f98e0423378,target,sample_rarefy_OTU_2c84ed20
797799501c0c09e5,target,sample_rarefy_OTU_2c8f2eac
5f54abfcdf9fbbcd,target,sample_rarefy_OTU_2d867237
62f442d19c1781d0,target,sample_rarefy_OTU_2f002c6e
de81bf6efc86eead,target,sample_rarefy_OTU_320a1a01
94a15ad65da05288,target,sample_rarefy_OTU_333acc14
94fba1617badd668,target,sample_rarefy_OTU_338709de
3c73850612ee1056,target,sample_rarefy_OTU_35ef58de
f41c06dbd91d6dd0,target,sample_rarefy_OTU_36665d64
f76d08e165e69ffd,target,sample_rarefy_OTU_36b3a851
54bc7f7a511780b5,target,sample_rarefy_OTU_36d0de6f
b911b0e21afc33cf,target,sample_rarefy_OTU_3899b62e
b17c076099a23eb8,target,sample_rarefy_OTU_38a9f140
c31b66c3ee508aba,target,sample_rarefy_OTU_38b21d51
e169f429fcfa43ca,target,sample_rarefy_OTU_390b1cda
2a5b8769bc11b844,target,sample_rarefy_OTU_3abb4ec4
0b3e02356220167a,target,sample_rarefy_OTU_3cd4839c
2e96c324b7f81302,target,sample_rarefy_OTU_3d6d44ae
0dee9c4282c1afb7,target,sample_rarefy_OTU_3e8adb97
e42126842e72033e,target,sample_rarefy_OTU_3f086f2d
bc8126b10b721b7b,target,sample_rarefy_OTU_4095dd87
a16b020419b0489e,target,sample_rarefy_OTU_417199d4
9d0ba4e018721cb5,target,sample_rarefy_OTU_41ce87d5
c4f8effa51df417e,target,sample_rarefy_OTU_43e227c3
67cd744567f2e97b,target,sample_rarefy_OTU_4417235d
415e2cffdf09442b,target,sample_rarefy_OTU_441a342f
bc52f258e1d41d3b,target,sample_rarefy_OTU_4530545c
df5c82752fedd347,target,sample_rarefy_OTU_46cc90c9
ef5f4a46a133e352,target,sample_rarefy_OTU_4868ee7a
b7f0133404a5a0c9,target,sample_rarefy_OTU_4ac4b0e4
b04bb975eb182042,target,sample_rarefy_OTU_4b8a18bf
46cc0e1d8440a4e4,target,sample_rarefy_OTU_4bd58fb3
1a158f5a2a3527d7,target,sample_rarefy_OTU_4d5679d4
dd511b7f9be753fd,target,sample_rarefy_OTU_4dc7b150
8e7a4d19343c1f92,target,sample_rarefy_OTU_4de9cf98
955be461f72e2aa0,target,sample_rarefy_OTU_4f45c644
c7fd59d0dd3742dd,target,sample_rarefy_OTU_4f9e2dbd
7a4ad1724d2a8167,target,sample_rarefy_OTU_503eee92
3d52abbf8b6c349d,target,sample_rarefy_OTU_51f5ceef
0369440f0c65ecb3,target,sample_rarefy_OTU_53113614
909ee817263919e2,target,sample_rarefy_OTU_53c1d44b
ad5fdc541ed1edbf,target,sample_rarefy_OTU_573f641e
7536a5f3867bc92f,target,sample_rarefy_OTU_5861cee1
fc963129783196a6,target,sample_rarefy_OTU_5b4c103e
89ee856c3337404c,target,sample_rarefy_OTU_5b54f3b1
8108d3ac2348c2b4,target,sample_rarefy_OTU_5bcaa8dc
1e54056303f72b07,target,sample_rarefy_OTU_5c3a2de8
8fa3c28e0a17adae,target,sample_rarefy_OTU_5c71bb0b
bd49fb5ce670987d,target,sample_rarefy_OTU_5d4b781c
256eed55d441aa8d,target,sample_rarefy_OTU_6024542c
9d9c3c201f70f38a,target,sample_rarefy_OTU_627b8e68
5c094f4f35ce7d48,target,sample_rarefy_OTU_640a1b20
8428a72a7c663c14,target,sample_rarefy_OTU_65d35185
f025c9e3b8575209,target,sample_rarefy_OTU_67c4e67c
c10fd658fd40521a,target,sample_rarefy_OTU_680d5cfd
4c5e8f3d80a6f197,target,sample_rarefy_OTU_68c1131e
b5d5578937516cfa,target,sample_rarefy_OTU_69f6ab65
f8339dc520d5c04e,target,sample_rarefy_OTU_6ba5699c
2ad82a83ea87e6ba,target,sample_rarefy_OTU_6d4593d8
5069631aa3741749,target,sample_rarefy_OTU_6e3dc340
4fa476d2b25cd3fd,target,sample_rarefy_OTU_6e57fd73
855f06ebdc1e9653,target,sample_rarefy_OTU_6f221b46
b32a9060326d1831,target,sample_rarefy_OTU_6f70aefb
74f6917b21b0a2b8,target,sample_rarefy_OTU_700df7aa
7df79a6d7837f7f5,target,sample_rarefy_OTU_7073e579
95abb7774b771dc2,target,sample_rarefy_OTU_71db688d
709c9fee7cf66bb9,target,sample_rarefy_OTU_72d883d6
1f5e47c630c9d894,target,sample_rarefy_OTU_799e42a5
8a3786d60f1aa413,target,sample_rarefy_OTU_7ad73bfe
61620902eabca710,target,sample_rarefy_OTU_7b521fe5
c5f98f9d5b4b4edc,target,sample_rarefy_OTU_7b8b7cd8
0215f06b669858a3,target,sample_rarefy_OTU_7be24b1a
ce194186726b4e25,target,sample_rarefy_OTU_7bebc9ea
e37524d89d3628b8,target,sample_rarefy_OTU_7e0fea20
97a34b303fa00080,target,sample_rarefy_OTU_7e2b69f8
92a889cbcb18bc25,target,sample_rarefy_OTU_8176125f
dec58954b6594a11,target,sample_rarefy_OTU_81faa34f
d50f4b5e47795071,target,sample_rarefy_OTU_831c77e4
2ba3cd4c8b887e15,target,sample_rarefy_OTU_8686256a
9bafea831cd32b39,target,sample_rarefy_OTU_89b1e982
c4b17e8b22e468f2,target,sample_rarefy_OTU_8a56be40
ea4c253012365742,target,sample_rarefy_OTU_8a5cf518
4ef07ad7f714b488,target,sample_rarefy_OTU_8ab9cf2f
9298f0b086b8587c,target,sample_rarefy_OTU_8b7df6dd
125be7f3b95f5286,target,sample_rarefy_OTU_8c125a09
7cd43d10ee0f70cc,target,sample_rarefy_OTU_8cdc539f
dc515d0b57ebc7e8,target,sample_rarefy_OTU_8f2a134a
d7cfd5a7b22dd4c8,target,sample_rarefy_OTU_90cd285a
848d0c54413cbbf3,target,sample_rarefy_OTU_91aeeb62
ebac5b4736c729f7,target,sample_rarefy_OTU_91bd821c
7e5085226ce86ba4,target,sample_rarefy_OTU_928769a4
91ba98042834e961,target,sample_rarefy_OTU_9293fe28
350a4548696afe2a,target,sample_rarefy_OTU_933421c3
776a33c79cc2c1e7,target,sample_rarefy_OTU_966cc4a3
6cb2c10b05254f91,target,sample_rarefy_OTU_98886e70
52e1b013797262d6,target,sample_rarefy_OTU_9ccf8ec7
6eaf8a559d00b425,target,sample_rarefy_OTU_a22e83bd
c224ef5de5ed8ccf,target,sample_rarefy_OTU_a739b7e3
cdfe74d94dcf29e4,target,sample_rarefy_OTU_a8171746
8162535318422198,target,sample_rarefy_OTU_a8774f89
5b047a9be1351cff,target,sample_rarefy_OTU_a88b0582
ba5e92ae77ebc0c5,target,sample_rarefy_OTU_ab642429
e05cdf600addc6ac,target,sample_rarefy_OTU_acdc17e7
cad69fb7de589de6,target,sample_rarefy_OTU_acf6f6a2
4837b2efa1ea7de6,target,sample_rarefy_OTU_ad507822
9017887dbeb453ea,target,sample_rarefy_OTU_b084e1c5
0976360e0dd6634a,target,sample_rarefy_OTU_b0f38180
cede9f30ce976093,target,sample_rarefy_OTU_b2deb755
d6431eebe67301f2,target,sample_rarefy_OTU_b350a8b4
71dc351f80524f0c,target,sample_rarefy_OTU_b395600a
f47ca5635a9ceda0,target,sample_rarefy_OTU_b4f68c01
0f8215ecd0403fa0,target,sample_rarefy_OTU_b51e28b3
711ad2da81fb86b5,target,sample_rarefy_OTU_b5a69b6b
3a9e2e70646dbc04,target,sample_rarefy_OTU_b5aecfaf
55a5a8e6b5df92ab,target,sample_rarefy_OTU_b5d733e1
823396105d22df0f,target,sample_rarefy_OTU_b5e86979
b4917d1f19427274,target,sample_rarefy_OTU_b77d4438
ce92a6882f24e295,target,sample_rarefy_OTU_b7fe9cf2
c5f6c39eec2d6374,target,sample_rarefy_OTU_b979d9fa
509d80d722f93c85,target,sample_rarefy_OTU_ba094b8a
f7d10f217a42b40d,target,sample_rarefy_OTU_bb27e673
8532dfcc34705c8f,target,sample_rarefy_OTU_bb8424cc
369be014aef6d4fc,target,sample_rarefy_OTU_bbaf8d6e
ddd9ecef87c475de,target,sample_rarefy_OTU_bc512ba5
de87f0c92478c4b7,target,sample_rarefy_OTU_bc8a5983
6113c494b4727303,target,sample_rarefy_OTU_bcb69d30
128afbb46f06853e,target,sample_rarefy_OTU_bdca0930
c5800ceffff70bae,target,sample_rarefy_OTU_befd01b9
a7a3e4b335f64767,target,sample_rarefy_OTU_c172b565
a253a293f18c5888,target,sample_rarefy_OTU_c19b818f
d42e8c125266fddf,target,sample_rarefy_OTU_c1cdae45
d8ee0867346d8c0c,target,sample_rarefy_OTU_c306f5cd
a4c48626205d755d,target,sample_rarefy_OTU_c3be7509
09841b8f384b139b,target,sample_rarefy_OTU_c4e1de67
6c5b219dbd07c94d,target,sample_rarefy_OTU_c59fb2ba
5c84484577c564e1,target,sample_rarefy_OTU_c742140e
bdc8277b48eeca68,target,sample_rarefy_OTU_c747d37d
49747b530e252bb0,target,sample_rarefy_OTU_c826c1ea
9d29ad230da2f315,target,sample_rarefy_OTU_c84ad265
10a1d0e9608bf7e8,target,sample_rarefy_OTU_c8d03f39
17500bb209a0537d,target,sample_rarefy_OTU_ca22f843
0d1772397afd882a,target,sample_rarefy_OTU_cc4bc5c2
300bdc3404ebb2e7,target,sample_rarefy_OTU_cc8d86fa
b9aac23f21c4bf45,target,sample_rarefy_OTU_cd261f05
0d4309c4df63347b,target,sample_rarefy_OTU_ce335b77
ac145d77cccc6c32,target,sample_rarefy_OTU_ce5c3fe5
530ac090c2359cbd,target,sample_rarefy_OTU_cf05481f
08d9de6240e32a28,target,sample_rarefy_OTU_cfc52d56
c4aad0d0da776b37,target,sample_rarefy_OTU_cfd18803
d958dd902d43f551,target,sample_rarefy_OTU_d2bb99b5
251e7991cc0088d6,target,sample_rarefy_OTU_d2cfa523
e80d23f058b3462d,target,sample_rarefy_OTU_d3ac28ff
2e334c6d57003cd6,target,sample_rarefy_OTU_d5509681
b12d082c4147148d,target,sample_rarefy_OTU_d59c43f4
f2d8ccf6d622eca0,target,sample_rarefy_OTU_d6a178c1
7ebf06d6c616addc,target,sample_rarefy_OTU_d782314a
9cc74049cf9d03a0,target,sample_rarefy_OTU_d792a3a5
b125b1b7799bbc28,target,sample_rarefy_OTU_d8357129
db3ced161c035bf6,target,sample_rarefy_OTU_d9a2f852
88e5af6acfd2b876,target,sample_rarefy_OTU_dbe9df24
824546e8ba1fef44,target,sample_rarefy_OTU_ddb620da
67548061b50144be,target,sample_rarefy_OTU_de7adaf8
5a9e246307fb6fbf,target,sample_rarefy_OTU_deea2aec
af5c8a90429c812e,target,sample_rarefy_OTU_df1ab4c6
231876c7ebd1d5d6,target,sample_rarefy_OTU_e0be1b9c
5461d5b5e6473869,target,sample_rarefy_OTU_e296ab31
1e645f65ea8b7a52,target,sample_rarefy_OTU_e2a9fc96
bba6052805f10d64,target,sample_rarefy_OTU_e3001473
0fe0d9ae26f99e93,target,sample_rarefy_OTU_e39062bb
2a72a78b4d8adfd7,target,sample_rarefy_OTU_e4830703
329685b9cce94883,target,sample_rarefy_OTU_e5d7aafa
d4a4cb1524912df5,target,sample_rarefy_OTU_e950a43a
cbc238621fe886c0,target,sample_rarefy_OTU_eb4a0a18
09ebde52d1e385af,target,sample_rarefy_OTU_eb778f60
eadd963e1be5f428,target,sample_rarefy_OTU_eb98bf01
c63ff354e51e592d,target,sample_rarefy_OTU_ebc9a100
2401e3a63f8b9f5d,target,sample_rarefy_OTU_ec3834e9
38b4bfac33077cb9,target,sample_rarefy_OTU_ed76cb07
4086eb57bf9016c4,target,sample_rarefy_OTU_ee1748b3
3cf4fc40c8a36e56,target,sample_rarefy_OTU_ef1921ec
f321cef28464e756,target,sample_rarefy_OTU_f0ef7f63
d998ae2ca36371ba,target,sample_rarefy_OTU_f18f263a
09f9110e37e0ab09,target,sample_rarefy_OTU_f22fd3dc
6e3821cb29fe04cd,target,sample_rarefy_OTU_f285662b
dabff9fee3346ac0,target,sample_rarefy_OTU_f594c8db
f484a1f2eecda5ab,target,sample_rarefy_OTU_f7d703b1
c08c14f71e079b41,target,sample_rarefy_OTU_f84c1e6b
a6897caf99a1a2e2,target,sample_rarefy_OTU_f91f2195
957464ebaaa8bae7,target,sample_rarefy_OTU_f93a843c
1e20aaaf5752e8d5,target,sample_rarefy_OTU_f9a271d6
4a7311d645e7dae7,target,sample_rarefy_OTU_f9b72a52
325e71ab01eb269e,target,sample_rarefy_OTU_f9deda7e
9331c11485c3fff2,target,sample_rarefy_OTU_f9dff317
cb2d68fd223320f3,target,sample_rarefy_OTU_fa03f45a
28bd0ff175092787,target,sample_rarefy_OTU_fc545d1a
2a6b9ee624f75de7,target,sample_rarefy_OTU_fdfb886d
40e9ada5d85f3e5f,target,sample_rarefy_OTU_fe946006
042cda914753e89a,target,sample_rarefy_OTU_feef1de9
fc1e354307fedfff,target,sample_rarefy_OTU_ff29549e
42abeabfadf36b3e,target,sample_rarefy_OTU_ffb5959e
e4f87410a5f2e658,import,scale_color_read
c276bdabdfd851d2,import,scale_color_strategy
ab1b317a87aadf7e,target,short_length_table
65a6063c22df76df,target,short_otu_table
a2d51c3afcd731ce,target,strict_taxon_ITS_euk
dd03e05b1198d0be,target,strict_taxon_ITS_fungi
a52789736ba52db2,target,strict_taxon_short_euk
4e712fe3ad80c8d8,target,strict_taxon_short_fungi
c85d88fc56f4e042,target,supplement_diff_tex
b931ece7796133be,target,supplement_pdf
c85d88fc56f4e042,target,supplement_tex
af937b1717916736,target,surefungi
99baabc440894e3f,target,tagmap_long
de96598070a6449f,import,tagmap_short
278dc164058fcd59,target,tax_chart
50abe66a7b6675b3,target,tax_chart_plot
f277b6d4ce83d6d1,target,taxdata
7c5003949ccb7111,target,taxdata_ECM
869c2eadf7051ce1,target,taxon_ITS_unite_ITS_dada2
8f1427d69938d424,target,taxon_ITS_unite_ITS_idtaxa
0d7b2821744df9e8,target,taxon_ITS_unite_ITS_sintax
f5a615341d3f9f8d,target,taxon_ITS_warcup_ITS_dada2
d21a8eb11c729c59,target,taxon_ITS_warcup_ITS_idtaxa
3c6a1e38e166a0d9,target,taxon_ITS_warcup_ITS_sintax
e79536b2850c622c,target,taxon_labels
a88cba308c0b1803,target,taxon_LSU_rdp_train_LSU_dada2
0e22b0ad1c65cdcc,target,taxon_LSU_rdp_train_LSU_idtaxa
865f4a34ef907a26,target,taxon_LSU_rdp_train_LSU_sintax
a6710f58dcfa59ae,target,taxon_reads
35639e36d0b756f2,target,taxon_short_unite_ITS_dada2
4bf993f52b3787fc,target,taxon_short_unite_ITS_idtaxa
ce05ff74d1097060,target,taxon_short_unite_ITS_sintax
55b73661284fcf25,target,taxon_short_warcup_ITS_dada2
ea7716cbf2ba3f23,target,taxon_short_warcup_ITS_idtaxa
ec1d71038b3da656,target,taxon_short_warcup_ITS_sintax
efbe6f7897ce1319,target,taxon_table
867746339b732d0e,target,tech_asv_table
fbb54f21c02f6ae7,target,tech_class_adonis
23472a319e90f6e2,target,tech_class_bc_dist
2d12a5c12eb53582,target,tech_class_pcoa
9b8e72851c4cee06,target,tech_class_pcoa_plot
b49c0c54e22bef1b,target,tech_class_pcoa_scores
b4edb8050fd2044a,target,tech_class_sample_data
b81b0906fbec5cee,target,tech_class_table
80a660a655ae75fb,target,tech_ecm_asv_table
8083e95946adc027,target,tech_ecm_fam_adonis
532efb26fbda1b78,target,tech_ecm_fam_bc_dist
86caa04a9427ff0e,target,tech_ecm_fam_pcoa
c459d55236031490,target,tech_ecm_fam_pcoa_plot
37bbc66e1d8981a9,target,tech_ecm_fam_pcoa_scores
09d73507caa325a2,target,tech_ecm_fam_sample_data
b5039d1c623988c8,target,tech_ecm_fam_table
6e7bb750dbd950b5,import,tip_taxa
1b2239ee73bd1a8c,target,tree_decipher_LSU
2f7e28a39afdbaa1,target,tree_decipher_LSU_long
7e5b424cb06310f5,target,tree_decipher_unconst_long
93457289b4dd1c3b,target,tree_fig
3980a92f868d2f6f,target,tree_infernal_32S
9988e1d6105d19f8,target,tulasnella
c59438c0e52baa71,target,variofit_table
2c8076b135bce3cf,target,variofit2_ecm_bray_Illumina_Short_Consensus
54861a02b1bf094d,target,variofit2_ecm_bray_Illumina_Short_PHYLOTAX.Cons
2f01f90a2bcd8a93,target,variofit2_ecm_bray_PacBio_Long_PHYLOTAX
b216f54621cf32b9,target,variofit2_ecm_bray_PacBio_Short_Consensus
8eef9eb3c606bea1,target,variofit2_ecm_bray_PacBio_Short_PHYLOTAX.Cons
85602513f59d8046,target,variofit2_ecm_wunifrac_PacBio_Long_PHYLOTAX
6c15b285d03c1237,target,variofit2_fungi_bray_Illumina_Short_Consensus
6c15b285d03c1237,target,variofit2_fungi_bray_Illumina_Short_PHYLOTAX.Cons
0a31ef417a588a3c,target,variofit2_fungi_bray_PacBio_Long_PHYLOTAX
ae5077482f9f20f9,target,variofit2_fungi_bray_PacBio_Short_Consensus
ae5077482f9f20f9,target,variofit2_fungi_bray_PacBio_Short_PHYLOTAX.Cons
fddc93c09daff4b8,target,variofit2_fungi_wunifrac_PacBio_Long_PHYLOTAX
f960cf102c35b405,target,variofitST2_ecm_bray_Illumina_Short_Consensus
f052b111d02dc013,target,variofitST2_ecm_bray_Illumina_Short_PHYLOTAX.Cons
8dce37b97235bc40,target,variofitST2_ecm_bray_PacBio_Long_PHYLOTAX
dc1e8adb1bdcda09,target,variofitST2_ecm_bray_PacBio_Short_Consensus
c0e1289b0e3d087e,target,variofitST2_ecm_bray_PacBio_Short_PHYLOTAX.Cons
b6eaa17831dbda74,target,variofitST2_ecm_wunifrac_PacBio_Long_PHYLOTAX
1992af1f7744520f,target,variofitST2_fungi_bray_Illumina_Short_Consensus
1992af1f7744520f,target,variofitST2_fungi_bray_Illumina_Short_PHYLOTAX.Cons
895b9d5e33e1a766,target,variofitST2_fungi_bray_PacBio_Long_PHYLOTAX
ee64afaf52ad1cd5,target,variofitST2_fungi_bray_PacBio_Short_Consensus
ee64afaf52ad1cd5,target,variofitST2_fungi_bray_PacBio_Short_PHYLOTAX.Cons
8087bb681032af6f,target,variofitST2_fungi_wunifrac_PacBio_Long_PHYLOTAX
b6a344a7125e3c06,import,variog
06512e7011215d3b,target,variog_confint
30945fa540464142,target,variog_data
14a16b446b6e66b5,target,variog_ecm_bray_Illumina_Short_Consensus
ed0c0bddd434d432,target,variog_ecm_bray_Illumina_Short_PHYLOTAX.Cons
1a89414e9a66046f,target,variog_ecm_bray_PacBio_Long_PHYLOTAX
aa216c243d53644f,target,variog_ecm_bray_PacBio_Short_Consensus
58db5f4083390d3a,target,variog_ecm_bray_PacBio_Short_PHYLOTAX.Cons
68843e3ff19b933e,target,variog_ecm_wunifrac_PacBio_Long_PHYLOTAX
b43a4867f5c10f23,target,variog_empir
18107bf92a991dd2,target,variog_fit
fdb32bfa25d74f3e,target,variog_fungi_bray_Illumina_Short_Consensus
fdb32bfa25d74f3e,target,variog_fungi_bray_Illumina_Short_PHYLOTAX.Cons
7ba8d5c34e5c1168,target,variog_fungi_bray_PacBio_Long_PHYLOTAX
18535c23dfde9ed0,target,variog_fungi_bray_PacBio_Short_Consensus
18535c23dfde9ed0,target,variog_fungi_bray_PacBio_Short_PHYLOTAX.Cons
0b2953fb351d3354,target,variog_fungi_wunifrac_PacBio_Long_PHYLOTAX
096ce0c43277e177,target,variog_points
9ce74e01de48958a,import,variog_predict
3faee62a2377ae0e,import,variog_summary
2b97ec623d803c0f,import,variogram_table
d9a6ddb6ec306602,import,variogramST_table
1dbc28e2257d95ee,import,variogST
d2619a0f47e9e2de,target,variogST_ecm_bray_Illumina_Short_Consensus
de1818e58732a06e,target,variogST_ecm_bray_Illumina_Short_PHYLOTAX.Cons
2a483d457979a8cc,target,variogST_ecm_bray_PacBio_Long_PHYLOTAX
bcaa53ea15e6eea8,target,variogST_ecm_bray_PacBio_Short_Consensus
71f8d147da450a75,target,variogST_ecm_bray_PacBio_Short_PHYLOTAX.Cons
51956c693bb70993,target,variogST_ecm_wunifrac_PacBio_Long_PHYLOTAX
bd2ed0df09de2fa1,target,variogST_fungi_bray_Illumina_Short_Consensus
bd2ed0df09de2fa1,target,variogST_fungi_bray_Illumina_Short_PHYLOTAX.Cons
488f30041bdced97,target,variogST_fungi_bray_PacBio_Long_PHYLOTAX
6bf71eee7eb1827a,target,variogST_fungi_bray_PacBio_Short_Consensus
6bf71eee7eb1827a,target,variogST_fungi_bray_PacBio_Short_PHYLOTAX.Cons
5808ac8e31605696,target,variogST_fungi_wunifrac_PacBio_Long_PHYLOTAX
77536868281f581a,target,venn_ASV
3095ae4c8d2788fe,target,venn_OTU
b43b0108a324b868,import,venndata
516cb125c179107a,target,vennplot_ASV
83a41874f6caa34d,import,vennplot_data
3bf343b3847250a4,target,vennplot_OTU
fbfd18bf80dcaed8,import,write_big_fasta
